feature,importance
tfidf_life,0.06459412112873184
text_length_scaled,0.04209316961884779
suicide_keyword_count_scaled,0.0382200251652027
tfidf_dont,0.02929281322145762
tfidf_cant,0.029291332180052424
tfidf_want,0.025567314503415154
tfidf_feel,0.024835983726429558
tfidf_die,0.021826042438589863
tfidf_kill,0.021074618823374216
tfidf_end,0.020669985805928364
tfidf_never,0.019609211103105356
tfidf_im,0.01808807413174308
tfidf_going,0.01626403168880998
tfidf_anymore,0.014458613946592164
tfidf_even,0.014086996537733796
tfidf_suicide,0.013954944317714404
tfidf_know,0.013810795506338949
tfidf_family,0.012373720105870898
tfidf_time,0.012167337216557394
tfidf_depression,0.011899810229039607
tfidf_much,0.01140662450215124
tfidf_get,0.010659805878937384
tfidf_suicidal,0.010584107286354815
tfidf_everything,0.009793066368349567
tfidf_point,0.009537576878289015
tfidf_one,0.009164071585672869
tfidf_feel like,0.009157437080414
tfidf_live,0.008916797551787406
tfidf_nothing,0.008801344555888308
tfidf_things,0.008649125892349964
tfidf_living,0.008393984087781999
tfidf_ive,0.00814412499297882
tfidf_better,0.007879832610123686
tfidf_pain,0.00773555345037269
tfidf_dont know,0.007690293589275085
tfidf_go,0.007176070954372581
tfidf_away,0.0068419962480550725
tfidf_years,0.006820500347612541
tfidf_keep,0.005998401881392429
tfidf_help,0.005860764070396366
tfidf_alone,0.005679140014739772
tfidf_think,0.0056279304565465885
tfidf_would,0.005287885026894743
tfidf_want die,0.0047733606194363025
tfidf_anything,0.0047095926881279195
tfidf_work,0.004568032145454689
tfidf_last,0.004477045993406813
tfidf_death,0.004403897049008615
tfidf_tried,0.004334478906356832
tfidf_alive,0.004300087921311422
tfidf_thoughts,0.004236630651633886
tfidf_could,0.004183084844093373
tfidf_thing,0.004004554167045818
tfidf_tired,0.003911527371375237
tfidf_back,0.0038518018465531823
tfidf_ill,0.0038360426764892075
tfidf_worse,0.0035583878899434064
tfidf_care,0.0035554358979477865
tfidf_enough,0.0033966995192451954
tfidf_around,0.0033496489213618265
tfidf_every,0.003286689787640784
tfidf_feeling,0.00323505185940956
tfidf_people,0.003018789868801217
tfidf_way,0.0029421670744551143
tfidf_job,0.002899513343522401
tfidf_doesnt,0.0028989901382921028
tfidf_take,0.00289797360923611
tfidf_friends,0.0026312638105758803
tfidf_reason,0.002618265459285273
tfidf_really,0.002549756868610065
tfidf_right,0.0024622144680677576
tfidf_left,0.002433902952326207
tfidf_wish,0.0024151780224719145
tfidf_killing,0.0024070948822160704
tfidf_parents,0.0023779001178566815
tfidf_dont want,0.002368996688685458
tfidf_done,0.0023012944611723388
tfidf_fucking,0.002147790440556832
tfidf_always,0.002127982675213805
tfidf_hate,0.0020344837053344507
tfidf_everyone,0.0020296607313730515
tfidf_past,0.0019865871471770095
tfidf_since,0.001958787644360563
tfidf_felt,0.0019413773706860446
tfidf_self,0.001924671602426625
tfidf_lost,0.0018895007126543786
tfidf_trying,0.0018844064249554837
tfidf_seems,0.0018242928506832156
tfidf_make,0.0018223172157377848
tfidf_ive tried,0.001806269445866666
tfidf_see,0.0017225223127085496
tfidf_world,0.001678266198377386
tfidf_thinking,0.0016642281881519688
tfidf_guys,0.0015930433772510077
tfidf_hard,0.001542335776698413
tfidf_im tired,0.0015359546843613508
tfidf_someone,0.0015331752895052942
tfidf_ever,0.0014926483382251695
tfidf_try,0.0014679312857202636
tfidf_anxiety,0.001459403545502045
tfidf_days,0.001450064801292909
tfidf_maybe,0.0014212115751692197
tfidf_gone,0.0014151247263663768
tfidf_find,0.001405511000409946
tfidf_day,0.00139038356445371
tfidf_get better,0.0013833065083272975
tfidf_want kill,0.0013808729132786682
tfidf_anyone,0.0013785038591891876
tfidf_bad,0.001366710483385794
tfidf_scared,0.0013660810902286996
tfidf_hurt,0.0013577812428165765
tfidf_dead,0.00130742840041147
tfidf_least,0.0012807636412280408
tfidf_wouldnt,0.0012793441121745567
tfidf_need,0.0012731026867931125
tfidf_happy,0.0012511271737029245
tfidf_times,0.0012361592996367155
tfidf_couldnt,0.0012128181403822658
tfidf_longer,0.001182787493014486
tfidf_didnt,0.0011799191959638983
tfidf_mental,0.001148974763583544
tfidf_theres,0.0011370646598814547
tfidf_already,0.0010619808556477804
tfidf_house,0.0010327751535333706
tfidf_else,0.001025603399785953
tfidf_like,0.0009951857241166525
tfidf_getting,0.0009928197998491193
tfidf_place,0.0009671329312065171
tfidf_love,0.000953543180747049
tfidf_therapy,0.0009436180510748667
tfidf_give,0.0009155025851681218
tfidf_money,0.0009150479083859817
tfidf_anymore im,0.0009044261956516982
tfidf_night,0.0008913368379848654
tfidf_though,0.0008895351347088816
tfidf_worthless,0.0008781009163937189
tfidf_matter,0.0008691651578079286
tfidf_want live,0.0008582588453992256
tfidf_almost,0.000844269737906309
tfidf_wasnt,0.0008345415002286447
tfidf_taking,0.0008063145599848557
tfidf_without,0.000803024873246484
tfidf_failure,0.000796527221506995
tfidf_pills,0.0007938232596962421
tfidf_feels,0.000792593740366247
tfidf_ago,0.000786158016203656
tfidf_year,0.0007826151244937362
tfidf_come,0.0007804327581322928
tfidf_long,0.0007682314041900392
tfidf_home,0.0007630340687292523
tfidf_wake,0.0007599706002590652
tfidf_hope,0.0007470116613965202
tfidf_hospital,0.0007168937480080876
tfidf_close,0.0007084330670769719
tfidf_months,0.0007058666361873784
tfidf_still,0.0006653023988740003
tfidf_ready,0.0006586400989213713
tfidf_plan,0.0006497145314240258
tfidf_failed,0.0006456286096553339
tfidf_sleep,0.00063874386555599
tfidf_bored,0.0006172371486648713
tfidf_stop,0.000610194286450866
tfidf_dont think,0.0006064107684309395
tfidf_wish could,0.0006055231324081935
tfidf_meds,0.0005842547689249086
tfidf_others,0.000577639019576681
tfidf_worth,0.0005775011934633553
tfidf_nobody,0.0005774150660396549
tfidf_makes,0.0005728295536271892
tfidf_tonight,0.0005556539433802225
tfidf_dying,0.000531248649118389
tfidf_mind,0.0005159282948107172
tfidf_school,0.0005094105556199467
tfidf_able,0.0004999074479391993
tfidf_wont,0.0004955096219698828
tfidf_girls,0.0004890846049258524
tfidf_girl,0.0004838605534649702
tfidf_honestly,0.0004830376945036925
tfidf_finally,0.00047934890362446816
tfidf_dm,0.00047841215075796866
tfidf_leave,0.00047667250146323013
tfidf_talk,0.00047232353735750314
tfidf_cant get,0.0004705381193325317
tfidf_sure,0.0004594617498642596
tfidf_happen,0.00045819734259583693
tfidf_gotten,0.00045740749042827227
tfidf_mother,0.00045572467331175787
tfidf_another,0.0004500039560112704
tfidf_told,0.00044996160442566894
tfidf_also,0.00044595973849394086
tfidf_constantly,0.00044364165116245587
tfidf_head,0.0004372622791459786
tfidf_suicidal thoughts,0.00043693599341287475
tfidf_play,0.00043529110115817166
tfidf_cool,0.0004350644490156988
tfidf_thats,0.00043421027306393516
tfidf_post,0.0004287279641512616
tfidf_needed,0.0004286725853526943
tfidf_dont even,0.0004055834549039793
tfidf_going kill,0.0004033081422799236
tfidf_got,0.00038668620859447765
tfidf_ok,0.0003857916912635356
tfidf_person,0.0003810529210984973
tfidf_yall,0.00037926658600617356
tfidf_us,0.00037926265218451543
tfidf_first,0.0003785210035927387
tfidf_please,0.00037599046178409706
tfidf_class,0.00037009621384037085
tfidf_know im,0.00036471428383425377
tfidf_im going,0.00036324050963508904
tfidf_good,0.0003616190911708953
tfidf_im fucking,0.0003593174309120792
tfidf_say,0.00035608342467902175
tfidf_hey,0.00034951737569189874
tfidf_something,0.0003471186773088433
tfidf_said,0.00034409353901320214
tfidf_bed,0.0003338012585984003
sentiment_score_scaled,0.0003312300409478322
tfidf_dont really,0.0003285164452136353
tfidf_kinda,0.0003193117552405289
tfidf_sorry,0.00031896316984556477
tfidf_reddit,0.00031645110534730606
tfidf_guy,0.0003150630474597617
tfidf_miserable,0.00031043454612353415
tfidf_im sick,0.00030834133386317827
tfidf_yeah,0.0003070103331156615
tfidf_friend,0.00030672292998583237
tfidf_change,0.0003042745243007867
tfidf_end life,0.00029633622277961227
tfidf_thought,0.00029580245780359095
tfidf_im done,0.00029378728081738323
tfidf_cant take,0.0002898217581977527
tfidf_jump,0.0002893046295353353
tfidf_idk,0.0002883631351014435
tfidf_want end,0.00028673148449747136
tfidf_crush,0.00028141649937368237
tfidf_old,0.0002803724142764421
tfidf_health,0.00027260745219487965
tfidf_deserve,0.0002714823888006714
tfidf_like im,0.00027135664124844074
tfidf_dont care,0.00026484758183911104
tfidf_literally,0.000258324896884218
tfidf_hang,0.0002565683619133269
emotion_intensity_scaled,0.0002552967330787658
tfidf_gonna,0.00025137442899210617
tfidf_cant even,0.00024989903658037993
tfidf_many,0.00024785559094528376
tfidf_cant anymore,0.0002440507579901334
tfidf_want go,0.0002404941073789623
tfidf_look,0.00024028095643883324
tfidf_youre,0.00023891400519139534
tfidf_watch,0.0002381525150595837
tfidf_mean,0.000237681423108839
tfidf_commit suicide,0.00023625957772530656
tfidf_anime,0.00023621027125248363
tfidf_gun,0.0002355337384157843
tfidf_much longer,0.00023364201509828498
tfidf_start,0.00023329691404727726
tfidf_broken,0.00023319058067028885
tfidf_basically,0.00023307055827276557
tfidf_probably,0.0002328459833592745
tfidf_horrible,0.00023163498536697572
tfidf_room,0.00022923011015212443
tfidf_tho,0.00022889607425243542
tfidf_lol,0.00022856804178438922
tfidf_put,0.0002269121618696266
tfidf_life im,0.00022464345685095072
tfidf_bit,0.00022451772440020533
tfidf_stuff,0.00022367719538448114
tfidf_empty,0.00022185896666153472
tfidf_died,0.00022121342705420165
tfidf_ive never,0.00022066856180143584
tfidf_shit,0.00021887414823601188
tfidf_sick,0.000217078330796151
tfidf_send,0.00021654036337145677
tfidf_well,0.00021477020107670588
tfidf_fine,0.00021421953288855788
tfidf_stay,0.00021117152849353213
tfidf_constant,0.00021044954163452822
tfidf_soon,0.00020911905176077117
negative_word_ratio_scaled,0.0002089773550830091
tfidf_big,0.00020802524207763162
tfidf_grade,0.00020651654647516318
tfidf_hour,0.00020602518653833768
tfidf_every day,0.00020543513533928176
tfidf_saw,0.00020267057440144493
tfidf_wanna,0.00020116666659660882
tfidf_someone talk,0.00019920796367934145
tfidf_fellow,0.00019907317426526546
tfidf_minutes,0.00019800434067161478
tfidf_future,0.00019787681291965167
tfidf_sub,0.00019721358282492657
tfidf_looked,0.000195525604913932
tfidf_wanted,0.0001953163095319517
tfidf_online,0.00019485618462622957
tfidf_theyre,0.00019340828511670396
tfidf_discord,0.0001915574600666241
tfidf_asked,0.00019014744284712789
tfidf_woke,0.000189608296306582
tfidf_group,0.00018932341997787233
tfidf_ending,0.00018861951769475496
tfidf_made,0.00018848290952423058
tfidf_isnt,0.0001874107713984082
tfidf_misery,0.00018652809118802256
tfidf_dont feel,0.00018526552813449566
tfidf_new,0.0001850637084217747
tfidf_cut,0.0001820359130423855
tfidf_wants,0.00018176910741246645
tfidf_party,0.0001815361083933394
tfidf_cry,0.0001779464349317414
tfidf_tell,0.00017669504526032195
tfidf_ampx200b,0.00017651860928081167
tfidf_shes,0.0001764908595042319
tfidf_questions,0.00017636950454685916
tfidf_broke,0.0001753180990519965
tfidf_recently,0.00017361929961060653
tfidf_god,0.00017264143580529595
tfidf_ask,0.0001719963885816439
tfidf_whole,0.0001718782362466269
tfidf_teacher,0.00016828302723910117
tfidf_black,0.0001679006745694539
tfidf_drunk,0.0001673905394709827
tfidf_today,0.00016567768519097262
tfidf_hi,0.00016368123747382678
tfidf_either,0.0001624891347497793
tfidf_decided,0.00016183559730569228
tfidf_get help,0.00015952182945702185
tfidf_two,0.00015881277467739201
tfidf_bitch,0.00015868833232538407
tfidf_rant,0.00015856729179165556
tfidf_lot,0.00015833350093613492
tfidf_knowing,0.00015816469147412936
tfidf_let,0.0001572241444287172
tfidf_word,0.00015674359614907248
tfidf_seen,0.00015663181279287352
tfidf_making,0.0001560158869421327
tfidf_man,0.00015583531504126453
tfidf_cause,0.00015389045462798134
tfidf_gotta,0.00015346204674388815
tfidf_saying,0.00015112220266408333
tfidf_test,0.00015070333534924989
tfidf_im sorry,0.0001502195951754174
tfidf_burden,0.000150112125013195
tfidf_weird,0.00015008065376239882
tfidf_super,0.0001479204781140427
tfidf_loving,0.00014757685040462268
tfidf_painful,0.00014626470705925604
tfidf_selfish,0.00014601023634185935
tfidf_fun,0.00014594025181903793
tfidf_comment,0.0001459086555628397
tfidf_small,0.00014542497818758208
tfidf_apparently,0.00014508361103363562
tfidf_dude,0.00014439978853960156
tfidf_telling,0.000144350982259342
tfidf_need someone,0.00014433033018554503
tfidf_issues,0.00014298257610246943
tfidf_id,0.0001420522548591289
tfidf_dad,0.00014192106270645362
tfidf_reading,0.00014184652354705336
tfidf_boy,0.00013970481359554357
tfidf_listen,0.00013956155329930835
tfidf_nonsuicide,0.00013919132032428564
tfidf_hours,0.00013903919314691457
tfidf_10,0.0001388570311562846
tfidf_actually,0.00013857599347346603
tfidf_read,0.00013581630292056613
tfidf_suffering,0.00013494861779513305
tfidf_im gonna,0.00013472005812205866
tfidf_games,0.00013352314196623407
tfidf_example,0.00013328174976758812
tfidf_real,0.00013275496471175466
tfidf_might,0.0001325722997690416
tfidf_method,0.0001317555370699308
tfidf_pointless,0.00013120723854981442
tfidf_hold,0.00013119934373291957
tfidf_half,0.00013106280520041444
tfidf_feels like,0.00013102856070355565
tfidf_yes,0.0001308913797294992
tfidf_afraid,0.00013086204364536747
tfidf_thanks,0.00013015310404530803
tfidf_memes,0.00012970534524414345
tfidf_asking,0.00012888719105212966
tfidf_something like,0.00012852691415490537
tfidf_minecraft,0.00012809745787774074
tfidf_little,0.00012753804125306527
tfidf_punch,0.00012695665661889197
tfidf_week,0.0001265099177247837
tfidf_among,0.00012518270340290883
tfidf_learn,0.0001251537490838412
tfidf_pandemic,0.00012491439162493572
tfidf_im scared,0.00012490263259144998
tfidf_option,0.00012461458803383232
tfidf_guess,0.0001238410300973501
tfidf_mostly,0.0001238099474802545
tfidf_stand,0.00012340740293052073
tfidf_goes,0.00012209838466667924
tfidf_tips,0.00012189168855428388
tfidf_sat,0.00012183240979907763
tfidf_gets,0.0001216363459097609
tfidf_food,0.0001209792689393355
tfidf_hell,0.00012095626211420782
tfidf_note,0.00012003765807804453
tfidf_mom,0.00011983724729755073
tfidf_hate life,0.00011949138120649423
tfidf_couple,0.00011873187781695706
tfidf_right im,0.00011812943605309738
tfidf_car,0.00011798457788127941
tfidf_holy,0.00011703953434306208
tfidf_want feel,0.00011684173599090948
tfidf_sex,0.00011617120152788087
tfidf_fear,0.00011536247598646339
tfidf_attempt,0.0001146022960600599
tfidf_study,0.00011423832067976578
tfidf_walk,0.0001141911879920511
tfidf_found,0.00011405705798576164
tfidf_cuz,0.00011389702280087552
tfidf_game,0.00011371817782951302
tfidf_supposed,0.00011355908094175807
tfidf_upset,0.00011301212023720811
tfidf_btw,0.00011250615671851922
tfidf_context,0.0001124126010655172
tfidf_killed,0.00011233500837302592
tfidf_likes,0.00011205314697105069
tfidf_phone,0.00011138190010919844
tfidf_date,0.00011129079159793052
tfidf_table,0.00011113752541201971
tfidf_fucked,0.00011037732594074209
tfidf_fact,0.00010878858775360717
tfidf_video,0.00010869188904300066
tfidf_stressed,0.00010850334807969143
tfidf_17,0.00010833985263432513
tfidf_gf,0.00010831393399904003
tfidf_talking,0.00010815252483093864
tfidf_opinion,0.00010810268524618555
tfidf_15,0.00010787386714454825
tfidf_politics,0.00010757184232237769
tfidf_dont get,0.00010644588312814254
tfidf_boys,0.00010642412653994886
tfidf_inside,0.00010567373164557194
tfidf_anyone else,0.00010497999100693442
tfidf_covid,0.00010494008237041712
tfidf_angry,0.00010477964115411097
tfidf_entire,0.0001045554650843893
tfidf_text,0.00010455298691411406
tfidf_ranting,0.00010425424212880966
tfidf_went,0.00010405717362023651
tfidf_lying,0.00010330276500246431
tfidf_cute,0.00010294546040025247
tfidf_really good,0.00010283580016092935
tfidf_weve,0.00010190511546617558
tfidf_app,0.00010151595674085731
tfidf_issue,0.00010147619729457788
tfidf_white,0.0001012219320329126
tfidf_alright,0.000101109812973011
tfidf_wanting,0.00010008635215075706
tfidf_driving,9.998594495303697e-05
tfidf_songs,9.961666987562685e-05
tfidf_mine,9.95817471345414e-05
tfidf_ignore,9.924151390535725e-05
tfidf_live anymore,9.912148064372732e-05
tfidf_stuff like,9.825206773037848e-05
tfidf_favorite,9.799728040740578e-05
tfidf_break,9.79587866500953e-05
tfidf_rn,9.792807387165765e-05
tfidf_system,9.782596075042825e-05
tfidf_arent,9.755995666944972e-05
tfidf_ass,9.751026826799951e-05
tfidf_whatever,9.736294677221703e-05
tfidf_part,9.694784931493973e-05
tfidf_haha,9.647701344065399e-05
tfidf_boring,9.647003645336926e-05
tfidf_best,9.61704656054247e-05
tfidf_older,9.599963647536566e-05
tfidf_mad,9.597943974263121e-05
tfidf_especially,9.56027260201018e-05
tfidf_completely,9.442178807692411e-05
tfidf_ur,9.41940718272286e-05
tfidf_take care,9.3806631686566e-05
tfidf_looks,9.349290037612888e-05
tfidf_joke,9.332888036516773e-05
tfidf_dont worry,9.326773452036266e-05
tfidf_made feel,9.31822393492391e-05
tfidf_everyday,9.269046161532693e-05
tfidf_lets,9.249873170010783e-05
tfidf_friends family,9.238767188331675e-05
tfidf_support,9.233622978813704e-05
tfidf_set,9.206398999740647e-05
tfidf_english,9.205341481968313e-05
tfidf_hello,9.12196647347673e-05
tfidf_fuck,9.114389092695317e-05
tfidf_wanted share,9.107490858296234e-05
tfidf_usually,9.09503384423126e-05
tfidf_quite,9.041206374692431e-05
tfidf_year old,9.036138370199806e-05
tfidf_kid,8.997124168900805e-05
tfidf_explain,8.973912770796979e-05
tfidf_im alone,8.942099411234834e-05
tfidf_annoying,8.934210343224961e-05
tfidf_pretty,8.908760875558237e-05
tfidf_people would,8.895084947187062e-05
tfidf_exactly,8.867887669899982e-05
tfidf_pull,8.866636066410566e-05
tfidf_called,8.823605440895729e-05
tfidf_looking,8.800935559938962e-05
tfidf_dont like,8.729349853532278e-05
tfidf_want know,8.724427080174388e-05
tfidf_calling,8.702455488379283e-05
tfidf_exam,8.699002720058897e-05
tfidf_remember,8.678338789478228e-05
tfidf_country,8.677140779499891e-05
tfidf_want give,8.6565765004993e-05
tfidf_despite,8.644545324846734e-05
tfidf_normal,8.622095004439452e-05
tfidf_youtube,8.613102487401331e-05
tfidf_popular,8.554729543102932e-05
tfidf_understand,8.517318098295512e-05
tfidf_grades,8.515827921673362e-05
tfidf_using,8.507155220827943e-05
tfidf_open,8.501061006292746e-05
tfidf_felt like,8.487469262885657e-05
tfidf_add,8.473128958183463e-05
tfidf_please help,8.458986094394602e-05
tfidf_suddenly,8.446737376425182e-05
tfidf_due,8.432335536443269e-05
tfidf_hand,8.419223075238258e-05
tfidf_gave,8.419002025226551e-05
tfidf_less,8.405199128283808e-05
tfidf_gay,8.36278647280714e-05
tfidf_shut,8.36098086108743e-05
tfidf_die want,8.356424049150273e-05
first_person_ratio_scaled,8.352538940806775e-05
tfidf_let know,8.345989925033494e-05
tfidf_mistakes,8.312820223901608e-05
tfidf_use,8.29177519235321e-05
tfidf_choose,8.270137340386402e-05
tfidf_song,8.266759581787574e-05
tfidf_dumbass,8.247958142610684e-05
tfidf_students,8.245464798765954e-05
tfidf_tf,8.240878746007759e-05
tfidf_huge,8.223217618226849e-05
tfidf_even though,8.206721535629055e-05
tfidf_feelings,8.201665168928589e-05
tfidf_hes,8.194222280601517e-05
tfidf_keeping,8.179752452815698e-05
tfidf_wife,8.122616882162439e-05
tfidf_snapchat,8.108704600211154e-05
tfidf_even know,8.049162743420309e-05
tfidf_giving,8.024133464357166e-05
tfidf_take life,8.019262250096173e-05
tfidf_seeing,8.004637373196965e-05
tfidf_16,7.99646635284038e-05
tfidf_mom told,7.988442723529773e-05
tfidf_goal,7.963522436254625e-05
tfidf_waste,7.926470598535972e-05
tfidf_shit like,7.906506428364642e-05
tfidf_anyways,7.884848856872419e-05
tfidf_write,7.860562657676095e-05
tfidf_problems,7.817562157358251e-05
tfidf_quarantine,7.809280858085612e-05
tfidf_werent,7.789827973060434e-05
tfidf_harm,7.783812178582434e-05
tfidf_friday,7.753525395172907e-05
tfidf_face,7.731818647682988e-05
tfidf_havent,7.669922961364577e-05
tfidf_great,7.631857771366754e-05
tfidf_bruh,7.620492306209597e-05
tfidf_month,7.611594592243818e-05
tfidf_girlfriends,7.606025978927634e-05
tfidf_rights,7.602219479147151e-05
tfidf_oh,7.596162934624692e-05
tfidf_act,7.59422312119184e-05
tfidf_moving,7.590623633536393e-05
tfidf_whats,7.589642220387259e-05
tfidf_siblings,7.586239420590387e-05
tfidf_going back,7.581063298282756e-05
tfidf_believe,7.57492135568236e-05
tfidf_really want,7.573495615562185e-05
tfidf_heres,7.541291548940147e-05
tfidf_wait,7.539203523968582e-05
tfidf_name,7.525867924765956e-05
tfidf_liked,7.505622584389062e-05
tfidf_free,7.494674293065928e-05
tfidf_decent,7.483485130847527e-05
tfidf_relationship,7.481611472509356e-05
tfidf_messages,7.469257683447063e-05
tfidf_insecure,7.460578679083223e-05
tfidf_catch,7.447318346708144e-05
tfidf_brother,7.415855608905786e-05
tfidf_respond,7.398951110492741e-05
tfidf_worst,7.389444846933755e-05
tfidf_toxic,7.373515415349216e-05
tfidf_glad,7.329798766530636e-05
tfidf_conversation,7.320001495275395e-05
tfidf_bc,7.307529036623179e-05
tfidf_know feel,7.29952285151702e-05
tfidf_seem,7.292068562174761e-05
tfidf_tomorrow,7.276529605681917e-05
tfidf_seriously,7.270572320268485e-05
tfidf_interested,7.25165163438843e-05
tfidf_posts,7.247842669204196e-05
tfidf_takes,7.246508232898422e-05
tfidf_couldve,7.228574201794492e-05
tfidf_social,7.222536959111632e-05
tfidf_silly,7.214461808889072e-05
tfidf_ted,7.19341756255343e-05
tfidf_step,7.156783361714465e-05
tfidf_relationships,7.133371595360656e-05
tfidf_reality,7.126274850529211e-05
tfidf_later,7.124992741947552e-05
tfidf_says,7.105289977484015e-05
tfidf_thick,7.098735003218784e-05
tfidf_think im,7.09723220318336e-05
tfidf_idea,7.088405343737666e-05
tfidf_vent,7.078020193814674e-05
tfidf_less less,7.074656173438736e-05
tfidf_turns,7.069669434220995e-05
tfidf_hurting,7.068689625847326e-05
tfidf_opinions,7.056347663217536e-05
tfidf_works,7.05111640295155e-05
tfidf_turn,7.034439442960661e-05
tfidf_key,7.027593032301607e-05
tfidf_liking,7.0175929992529e-05
tfidf_years old,7.000860305996247e-05
tfidf_getting worse,6.983275069704061e-05
tfidf_mei,6.973130422725852e-05
tfidf_used,6.959494760854546e-05
tfidf_lmao,6.95745025073024e-05
tfidf_kept,6.930952202190697e-05
tfidf_never seen,6.904985435962662e-05
tfidf_pathetic,6.8923791234654e-05
tfidf_fake,6.882527742829735e-05
tfidf_rather,6.87148853866783e-05
tfidf_fast,6.828089724521312e-05
tfidf_type,6.819956333598686e-05
tfidf_asian,6.81449288541899e-05
tfidf_terrible,6.812987040913638e-05
tfidf_unit,6.810796426042791e-05
tfidf_loved,6.808388024484498e-05
tfidf_came,6.802461223503636e-05
tfidf_attracted,6.791187821419408e-05
tfidf_accidentally,6.76947355730514e-05
tfidf_shoot,6.725569493179792e-05
tfidf_human,6.706849039383271e-05
tfidf_feel good,6.70035043993504e-05
tfidf_door,6.692717010616982e-05
tfidf_lips,6.663122172846097e-05
tfidf_random,6.661657701220748e-05
tfidf_freshman,6.637652359509186e-05
tfidf_mistake,6.611621048946409e-05
tfidf_didnt even,6.604844895607651e-05
tfidf_stayed,6.601184256613339e-05
tfidf_swear,6.597209159275421e-05
tfidf_happened,6.560831379896439e-05
tfidf_comments,6.536040533841372e-05
tfidf_12,6.508790056598795e-05
tfidf_social media,6.482082438805452e-05
tfidf_hug,6.479335980881786e-05
tfidf_make sure,6.469346532603032e-05
tfidf_didnt feel,6.465199636674328e-05
tfidf_visit,6.460151223357209e-05
tfidf_happiness,6.458604727633132e-05
tfidf_extreme,6.449314212858084e-05
tfidf_dark,6.424862406412934e-05
tfidf_love life,6.389645543630808e-05
tfidf_majority,6.3869910424594e-05
tfidf_im suicidal,6.374474262478234e-05
tfidf_double,6.365148206904308e-05
tfidf_war,6.337603764050554e-05
tfidf_make feel,6.332959214671269e-05
tfidf_common,6.325812837467257e-05
tfidf_rest,6.324329297735904e-05
tfidf_cover,6.307579020515721e-05
tfidf_must,6.303404639845671e-05
tfidf_every single,6.29340389878651e-05
tfidf_story,6.286581867859047e-05
tfidf_okay,6.278524874138626e-05
tfidf_generation,6.245215236073075e-05
tfidf_cant handle,6.244511831306683e-05
tfidf_meaning,6.236911583034439e-05
tfidf_understood,6.230070685547161e-05
tfidf_twice,6.223921243589026e-05
tfidf_cringe,6.2214958549245e-05
tfidf_peace,6.218182098623365e-05
tfidf_wear,6.214180240117402e-05
tfidf_abusive,6.198459839586465e-05
tfidf_dream,6.187638098906269e-05
tfidf_goodnight,6.169405756660137e-05
tfidf_manage,6.166924056859534e-05
tfidf_heart,6.15124076731157e-05
tfidf_internet,6.148132369724352e-05
tfidf_hot,6.143312168610346e-05
tfidf_awkward,6.136903547244421e-05
tfidf_advice,6.128765080286459e-05
tfidf_fighting,6.123874661163696e-05
tfidf_pc,6.092878097532129e-05
tfidf_losing,6.085738397792948e-05
tfidf_words,6.0768179173265375e-05
tfidf_definitely,6.040988001451287e-05
tfidf_want someone,6.0250104742120556e-05
tfidf_rich,6.014303519642275e-05
tfidf_eating,6.000662123214142e-05
tfidf_first time,5.99776284383381e-05
tfidf_crying,5.99185265814087e-05
tfidf_commit,5.986179994540195e-05
tfidf_dumb,5.9777997402800326e-05
tfidf_im thinking,5.966402814018253e-05
tfidf_im like,5.964352316850746e-05
tfidf_miss,5.9602673026389166e-05
tfidf_weekend,5.9581513849649785e-05
tfidf_kind,5.953905881897278e-05
tfidf_nice,5.952560997925806e-05
tfidf_high,5.9504537006222e-05
tfidf_call,5.935062961246898e-05
tfidf_need help,5.903845302653819e-05
tfidf_whole time,5.900345431609029e-05
tfidf_last time,5.897604299041318e-05
tfidf_planning,5.887166956913669e-05
tfidf_ideas,5.883166007190281e-05
tfidf_personally,5.860333105759935e-05
tfidf_whenever,5.838330496328156e-05
tfidf_back school,5.833602393874315e-05
tfidf_care im,5.833410571072587e-05
tfidf_often,5.826979948920765e-05
tfidf_escape,5.806663219652178e-05
tfidf_laying,5.79541217451147e-05
tfidf_form,5.795354215157218e-05
tfidf_quickly,5.784265412745735e-05
tfidf_yo,5.780062159709786e-05
tfidf_panic,5.769497327080488e-05
tfidf_projects,5.7538763461518415e-05
tfidf_bus,5.75123327750467e-05
tfidf_im getting,5.747387440774411e-05
tfidf_therapist,5.73564575639592e-05
tfidf_posting,5.720098136987267e-05
tfidf_blue,5.702176614659258e-05
tfidf_battle,5.693818380894974e-05
tfidf_male,5.6927019301967873e-05
tfidf_men,5.691977807668653e-05
tfidf_til,5.6894377535883796e-05
tfidf_cant help,5.655713235023124e-05
tfidf_im better,5.64326995800377e-05
tfidf_college,5.631648247015295e-05
tfidf_sense,5.630128367162918e-05
tfidf_happy im,5.621895753590481e-05
tfidf_stupid,5.6202508643963064e-05
tfidf_watching,5.6193601064120326e-05
tfidf_nervous,5.619271884441437e-05
tfidf_teen,5.61892818632599e-05
tfidf_children,5.6090303488876994e-05
tfidf_wanna go,5.60011458331816e-05
tfidf_happening,5.591130494214595e-05
tfidf_people im,5.588795622799421e-05
tfidf_like people,5.578205068228275e-05
tfidf_may,5.5757267476794174e-05
tfidf_dont mean,5.572395451664892e-05
tfidf_question,5.572089498048703e-05
tfidf_coming,5.567640033700234e-05
tfidf_tbh,5.566026678261791e-05
tfidf_classes,5.560142842495847e-05
tfidf_feel alone,5.5458437147800546e-05
tfidf_touch,5.543456941984834e-05
tfidf_quick,5.543438034276114e-05
tfidf_doesnt even,5.5361877483130056e-05
tfidf_wrote,5.517857073396785e-05
tfidf_2020,5.5122042833055243e-05
tfidf_little bit,5.506016236462083e-05
tfidf_buy,5.501931032120056e-05
tfidf_body,5.474165809281413e-05
tfidf_normally,5.470967471307215e-05
tfidf_morning,5.459339655204422e-05
tfidf_dont need,5.456023540950969e-05
tfidf_experience,5.4395506638762576e-05
tfidf_nurse,5.433855623207619e-05
tfidf_im sure,5.430456430961522e-05
tfidf_knows,5.4269618131814016e-05
tfidf_gonna say,5.416139947851466e-05
tfidf_short,5.4131026553733524e-05
tfidf_next,5.4105217447935524e-05
tfidf_judge,5.4037458778461426e-05
tfidf_needs,5.3899072533732086e-05
tfidf_two people,5.385382545349099e-05
tfidf_someone help,5.383240931726877e-05
tfidf_finds,5.380595242849805e-05
tfidf_christian,5.3803970860072016e-05
tfidf_whole life,5.378379587237787e-05
tfidf_french,5.365415787620488e-05
tfidf_convince,5.3650145977544305e-05
tfidf_da,5.3589291294605256e-05
tfidf_homework,5.354284686919293e-05
tfidf_general,5.34685279220787e-05
tfidf_dirt,5.339126094892124e-05
tfidf_finished,5.335608018293839e-05
tfidf_imma,5.331759369706051e-05
tfidf_search,5.330602970084146e-05
tfidf_shoes,5.3127275127685636e-05
tfidf_figure,5.312509864669062e-05
tfidf_topic,5.3085474246035296e-05
tfidf_trust,5.306322641741391e-05
tfidf_18,5.3052835417914927e-05
tfidf_say something,5.304074112394197e-05
tfidf_staying,5.2973038176106715e-05
tfidf_means,5.2958823278534325e-05
tfidf_run,5.29520898894334e-05
tfidf_cuddle,5.281229801797983e-05
tfidf_id rather,5.276558841605055e-05
tfidf_straight,5.2747220098854197e-05
tfidf_got mad,5.2745878145880716e-05
tfidf_shoulder,5.266529185549169e-05
tfidf_aside,5.259552140832716e-05
tfidf_2nd,5.2584950990752363e-05
tfidf_like every,5.2545227785333224e-05
tfidf_meant,5.226626517254234e-05
tfidf_never really,5.224272092975445e-05
tfidf_teens,5.213344538410472e-05
tfidf_heard,5.208640076704369e-05
tfidf_addiction,5.202672060021606e-05
tfidf_hotline,5.202620655024922e-05
tfidf_cried,5.1922167586434234e-05
tfidf_large,5.1888865434488865e-05
tfidf_keeps,5.162838866598484e-05
tfidf_realized,5.158514354293939e-05
tfidf_build,5.154813058198211e-05
tfidf_nights,5.153472626237189e-05
tfidf_granted,5.1386123404611534e-05
tfidf_im afraid,5.120050257308577e-05
tfidf_lesson,5.110319206273929e-05
tfidf_dreams,5.105131033865469e-05
tfidf_diei,5.0967356357786706e-05
tfidf_clearly,5.089501693006746e-05
tfidf_speed,5.080426335285753e-05
tfidf_funny,5.076940790798724e-05
tfidf_confident,5.071787223418471e-05
tfidf_keep mind,5.051942604191343e-05
tfidf_tell someone,5.050346353946179e-05
tfidf_burn,5.048324762923211e-05
tfidf_etc,5.0472428396108884e-05
tfidf_real life,5.022726423621051e-05
tfidf_women,5.017184863026389e-05
tfidf_brought,5.009089836847546e-05
tfidf_embarrassing,5.0022990848163815e-05
tfidf_eventually,4.994954393557915e-05
tfidf_started,4.975849800763657e-05
tfidf_every time,4.973304392772349e-05
tfidf_title,4.962771982757552e-05
tfidf_graduated high,4.9544528218409434e-05
tfidf_record,4.9485560199718676e-05
tfidf_far,4.9482146677072694e-05
tfidf_wearing,4.940491588052688e-05
tfidf_fault,4.93802443703575e-05
tfidf_refuse,4.921802487618064e-05
tfidf_guess ill,4.9098854690034475e-05
tfidf_feel really,4.909168122872648e-05
tfidf_paying,4.8999370161432216e-05
tfidf_enjoyed,4.897340107558256e-05
tfidf_mods,4.891392637993324e-05
tfidf_get know,4.8862710271816176e-05
tfidf_last night,4.864025472474661e-05
tfidf_calls,4.849848669771171e-05
tfidf_school ive,4.847101463152936e-05
tfidf_smart,4.8183139875395625e-05
tfidf_subject,4.81471792170785e-05
tfidf_medication,4.801381796157314e-05
tfidf_happens,4.799000157560655e-05
tfidf_boobs,4.7869095837935405e-05
tfidf_forget,4.779851100830908e-05
tfidf_media,4.774428371331536e-05
tfidf_easily,4.773712922179644e-05
tfidf_showing,4.766836414919978e-05
tfidf_moms,4.760101160714174e-05
tfidf_someones,4.7511986116835934e-05
tfidf_girlfriend,4.750021338583251e-05
tfidf_friends one,4.744103531149899e-05
tfidf_lives,4.742811203211974e-05
tfidf_lots,4.74194247533352e-05
tfidf_teach,4.740027975714785e-05
tfidf_want anymore,4.721294983689677e-05
tfidf_running,4.7203448805530875e-05
tfidf_bullshit,4.711906497284379e-05
tfidf_sexuality,4.6977796749048466e-05
tfidf_safe,4.693216450072455e-05
tfidf_crazy,4.684103441819737e-05
tfidf_meme,4.6792187723512145e-05
tfidf_progress,4.678264033988015e-05
tfidf_poor,4.6422171104838404e-05
tfidf_confidence,4.6163543293764725e-05
tfidf_masks,4.615128136997506e-05
tfidf_since im,4.6131954983313236e-05
tfidf_nose,4.606920232372497e-05
tfidf_want talk,4.6050861471831534e-05
tfidf_innocent,4.602947518710168e-05
tfidf_teachers,4.593458122182552e-05
tfidf_tired im,4.589284289821626e-05
tfidf_costs,4.587929312901697e-05
tfidf_shame,4.587186970549794e-05
tfidf_mask,4.573333931627063e-05
tfidf_20,4.56628929607513e-05
tfidf_nearly,4.559550349966207e-05
tfidf_voice,4.558345175075859e-05
tfidf_nowhere,4.5579830648234615e-05
tfidf_second,4.542197074886067e-05
tfidf_asleep,4.537167266589915e-05
tfidf_shitty,4.535237250166548e-05
tfidf_think need,4.527202230487911e-05
tfidf_hopes,4.523371165184066e-05
tfidf_whole thing,4.5233072906924935e-05
tfidf_sleep night,4.5226487719551794e-05
tfidf_weight,4.5140511293642365e-05
tfidf_die im,4.510000251970941e-05
tfidf_early,4.490818429732433e-05
tfidf_schedule,4.487417620956952e-05
tfidf_books,4.484196482763469e-05
tfidf_throw,4.477832933992618e-05
tfidf_perfect,4.47570382613829e-05
tfidf_teenage,4.4728540634431716e-05
tfidf_pleasure,4.467383161780542e-05
tfidf_slept,4.4632552663450996e-05
tfidf_league,4.460698020181779e-05
tfidf_earth,4.458530968872705e-05
tfidf_burning,4.453244699330717e-05
tfidf_playing,4.450211168357564e-05
tfidf_pretending,4.443504778501455e-05
tfidf_animal,4.4404238605586126e-05
tfidf_wrists,4.4384601247431366e-05
tfidf_thank,4.432251622378964e-05
tfidf_idk im,4.431245028928927e-05
tfidf_im ready,4.427201421676312e-05
tfidf_shy,4.412233893465425e-05
tfidf_like shit,4.407482184726544e-05
tfidf_dick,4.4000328039476e-05
tfidf_awesome,4.39896174198544e-05
tfidf_anxious,4.395476006949795e-05
tfidf_fat,4.381161907242207e-05
tfidf_easier,4.374095055813244e-05
tfidf_considering,4.371048467361031e-05
tfidf_sun,4.368619045651142e-05
tfidf_time see,4.3670684592121693e-05
tfidf_theyve,4.363392584321604e-05
tfidf_reach,4.361306627536858e-05
tfidf_spend,4.3488803455421593e-05
tfidf_together,4.342204093673893e-05
tfidf_high school,4.341234977894408e-05
tfidf_day get,4.334422315202825e-05
tfidf_existence,4.333888175730283e-05
tfidf_itll,4.3294695961741175e-05
tfidf_science,4.321593091880547e-05
tfidf_feel pain,4.31537378187902e-05
tfidf_speaking,4.3074261608927136e-05
tfidf_kiss,4.3058779969285413e-05
tfidf_insane,4.29800359257535e-05
tfidf_walls,4.292489260408327e-05
tfidf_luck,4.28865433707654e-05
tfidf_habit,4.284793909191205e-05
tfidf_mood,4.27902502515525e-05
tfidf_potentially,4.276464104001495e-05
tfidf_much pain,4.2727844368411215e-05
tfidf_apart,4.259137174910539e-05
tfidf_know need,4.247017452239666e-05
tfidf_falling apart,4.236794939851953e-05
tfidf_dating,4.236513584821742e-05
tfidf_lt3,4.235409334386531e-05
tfidf_overall,4.2315141485899525e-05
tfidf_tries,4.2241636005290436e-05
tfidf_try get,4.222506268086029e-05
tfidf_considered,4.221826426885141e-05
tfidf_various,4.214959908388835e-05
tfidf_nice day,4.2085156528381336e-05
tfidf_spot,4.20546965188363e-05
tfidf_sending,4.204564754685925e-05
tfidf_bullied,4.2039532138786664e-05
tfidf_move,4.200462120034466e-05
tfidf_dms,4.19100594832182e-05
tfidf_birthday,4.1899447176210964e-05
tfidf_abuse,4.182012689074694e-05
tfidf_never felt,4.177723949177112e-05
tfidf_pay,4.172530209144878e-05
tfidf_people dont,4.168123092432242e-05
tfidf_im crying,4.16623874165542e-05
tfidf_religious,4.154660309336011e-05
tfidf_wholesome,4.1535219165008585e-05
tfidf_except,4.1493448883801566e-05
tfidf_long distance,4.148682595647784e-05
tfidf_whoever,4.1469375758965195e-05
tfidf_im bored,4.144607430687235e-05
tfidf_im wondering,4.133225012490896e-05
tfidf_complaining,4.129820665261373e-05
tfidf_messed,4.126959627591227e-05
tfidf_arguing,4.123972329480188e-05
tfidf_turned,4.118943008897493e-05
tfidf_ps,4.108908380665656e-05
tfidf_waiting,4.1036214413622326e-05
tfidf_notice,4.102011652699756e-05
tfidf_assignments,4.098602595789798e-05
tfidf_caring,4.0953667834985113e-05
tfidf_meet,4.07414892118734e-05
tfidf_soft,4.068300754337132e-05
tfidf_piece,4.056933468076336e-05
tfidf_anyway,4.053830290923792e-05
tfidf_even dont,4.0459527643184726e-05
tfidf_doesnt mean,4.043253989059324e-05
tfidf_havent seen,4.029608562061773e-05
tfidf_chest,4.016452158755051e-05
tfidf_hurts,4.0133911526270646e-05
tfidf_feel numb,4.0022838675094485e-05
tfidf_ya,4.000597965638626e-05
tfidf_banned,3.9868544837231604e-05
tfidf_hopefully,3.986653805610342e-05
tfidf_grabbed,3.983801476749778e-05
tfidf_best friend,3.980707686051976e-05
tfidf_weeks,3.977837974135257e-05
tfidf_acting,3.972860818305886e-05
tfidf_guess im,3.956539194475235e-05
tfidf_shit ive,3.955898848974495e-05
tfidf_life would,3.9522412333643316e-05
tfidf_cops,3.9402313789922316e-05
tfidf_barely,3.935767671353351e-05
tfidf_damn,3.926362468464376e-05
tfidf_childhood,3.9261672370287304e-05
tfidf_pushing,3.9250924495948734e-05
tfidf_treat,3.917565112127735e-05
tfidf_mentally,3.916500158427074e-05
tfidf_one friends,3.91039928788391e-05
tfidf_dudes,3.907418018468358e-05
tfidf_sister,3.8922449453954344e-05
tfidf_enjoy,3.8856874950017754e-05
tfidf_extremely,3.8840082087918495e-05
tfidf_ah,3.882459641332429e-05
tfidf_school im,3.879972702098184e-05
tfidf_alot,3.857034874588955e-05
tfidf_eat,3.856381466611686e-05
tfidf_reason im,3.852657025018397e-05
tfidf_cats,3.8417286636097956e-05
tfidf_release,3.840362307971687e-05
tfidf_talked,3.831391681492127e-05
tfidf_correct,3.830341333111897e-05
tfidf_several,3.824135090861126e-05
tfidf_applying,3.822768871897024e-05
tfidf_guys think,3.81735333629318e-05
tfidf_shows,3.817274978272182e-05
tfidf_one im,3.816477517131127e-05
tfidf_deleted,3.814088518755274e-05
tfidf_americans,3.812330073531468e-05
tfidf_ages,3.808668839628887e-05
tfidf_im actually,3.805926244438407e-05
tfidf_anymore dont,3.803230733607369e-05
tfidf_expect,3.7864894020372105e-05
tfidf_different,3.7850762424322486e-05
tfidf_fall,3.783630226910924e-05
tfidf_difference,3.781688603322673e-05
tfidf_however,3.775337371364595e-05
tfidf_university,3.758801949724182e-05
tfidf_changed,3.7455521677234735e-05
tfidf_please give,3.745240569014093e-05
tfidf_im depression,3.742325280073029e-05
tfidf_removed,3.7422701147682145e-05
tfidf_last month,3.7368500693529496e-05
tfidf_active,3.7347807767462904e-05
tfidf_public,3.734073000680384e-05
tfidf_midnight,3.729866628871369e-05
tfidf_bring,3.727874765810104e-05
tfidf_something dont,3.723693593098766e-05
tfidf_push,3.7236048466935733e-05
tfidf_walked,3.7131404278146876e-05
tfidf_get chest,3.70652649611513e-05
tfidf_took,3.692692241974599e-05
tfidf_top,3.682566190281766e-05
tfidf_dont ever,3.680996749235597e-05
tfidf_could get,3.6782912895435957e-05
tfidf_case,3.677901243872599e-05
tfidf_relate,3.6747568255165334e-05
tfidf_never find,3.673431082019952e-05
tfidf_screw,3.67295579609661e-05
tfidf_ive gotten,3.67186660434337e-05
tfidf_dont trust,3.6675259388464663e-05
tfidf_though dont,3.663974112793125e-05
tfidf_roommate,3.652277205070619e-05
tfidf_look like,3.651574772045071e-05
tfidf_really wish,3.649695855558617e-05
tfidf_computer,3.639529780428809e-05
tfidf_groups,3.6319168500599964e-05
tfidf_acting like,3.630612008028484e-05
tfidf_soul,3.627858381842414e-05
tfidf_survive,3.627448623528168e-05
tfidf_lose,3.615283421366038e-05
tfidf_first one,3.612094687811904e-05
tfidf_really like,3.5944666117385473e-05
tfidf_longest,3.586773067462698e-05
tfidf_chill,3.584566387125816e-05
tfidf_fan,3.581720575469992e-05
tfidf_doesnt make,3.580024736826217e-05
tfidf_stuck,3.574849159203611e-05
tfidf_join,3.5662197218885176e-05
tfidf_agreed,3.565262369137766e-05
tfidf_obviously,3.563464914630202e-05
tfidf_tested,3.562205518737908e-05
tfidf_goddamn,3.5579347324006516e-05
tfidf_life ive,3.5570347198039734e-05
tfidf_somebody,3.5516827176216144e-05
tfidf_switch,3.550373028569707e-05
tfidf_cant say,3.54740301689758e-05
tfidf_verge,3.541953658309063e-05
tfidf_sports,3.538222723545283e-05
tfidf_interesting,3.523046954801896e-05
tfidf_stressful,3.505229848133127e-05
tfidf_monday,3.504173647244397e-05
tfidf_either way,3.503201371816755e-05
tfidf_political,3.500607793123112e-05
tfidf_sitting,3.4938138107157915e-05
tfidf_vacation,3.482530954733712e-05
tfidf_book,3.482061317951561e-05
tfidf_fucking hate,3.4806937575986444e-05
tfidf_know anything,3.479616345191387e-05
tfidf_separate,3.4787443287474034e-05
tfidf_doesnt care,3.476805856319856e-05
tfidf_raised,3.474543566121425e-05
tfidf_responded,3.47379963239831e-05
tfidf_10 minutes,3.470077092220764e-05
tfidf_want dont,3.4664524854725205e-05
tfidf_feel better,3.456075643713929e-05
tfidf_get girlfriend,3.451448041089298e-05
tfidf_aunt,3.448265632301042e-05
tfidf_know say,3.4481472715576824e-05
tfidf_make new,3.4443914161713933e-05
tfidf_life much,3.4382306903460054e-05
tfidf_deal,3.435480032835559e-05
tfidf_wasting,3.433629223846999e-05
tfidf_towards,3.43207800725555e-05
tfidf_would good,3.428197622761814e-05
tfidf_discord server,3.426527260586493e-05
tfidf_bullying,3.425251466074077e-05
tfidf_sucks,3.4246870742423616e-05
tfidf_relax,3.420956412901043e-05
tfidf_forever,3.4141156902541026e-05
tfidf_11,3.412187866664864e-05
tfidf_wanted know,3.4047414462542175e-05
tfidf_jerk,3.404582037926983e-05
tfidf_doubt,3.403337032162701e-05
tfidf_tldr,3.4027612089306985e-05
tfidf_slowly,3.399349851225777e-05
tfidf_long ago,3.398574835030288e-05
tfidf_im starting,3.396311515197326e-05
tfidf_get good,3.3945193973690396e-05
tfidf_yea,3.384646562311478e-05
tfidf_figured,3.379511127448179e-05
tfidf_know think,3.378479226870439e-05
tfidf_50,3.371460877947556e-05
tfidf_would much,3.364189614094178e-05
tfidf_response,3.3583130512729876e-05
tfidf_live parents,3.347308221669931e-05
tfidf_clean,3.346874964480554e-05
tfidf_go school,3.33894617837547e-05
tfidf_healthy,3.3258632710196355e-05
tfidf_really wanted,3.323855298061788e-05
tfidf_energy,3.3013643921311065e-05
tfidf_feel free,3.299889058455005e-05
tfidf_comfortable,3.299146493809726e-05
tfidf_mindset,3.298377218478313e-05
tfidf_fit,3.2917465844803206e-05
tfidf_picture,3.287277427627759e-05
tfidf_become,3.283175868843943e-05
tfidf_13,3.277360795873846e-05
tfidf_corner,3.2717360454053045e-05
tfidf_would even,3.2698166810386214e-05
tfidf_ask help,3.26535394353127e-05
tfidf_prepared,3.256574450799516e-05
tfidf_distracted,3.2548874584754154e-05
tfidf_bridge,3.254092831439631e-05
tfidf_friend mine,3.252704576352698e-05
tfidf_jealous,3.2515698910648746e-05
tfidf_unbearable,3.246228995034261e-05
tfidf_beg,3.245581023981549e-05
tfidf_knew,3.243773489317229e-05
tfidf_say dont,3.241100390629548e-05
tfidf_server,3.240032480447514e-05
tfidf_closed,3.239484472865422e-05
tfidf_alone dont,3.238726248639365e-05
tfidf_exist,3.238006481072903e-05
tfidf_compared,3.236744486500261e-05
tfidf_mark,3.23399518643848e-05
tfidf_decisions,3.226631018133819e-05
tfidf_next day,3.2232851285359464e-05
tfidf_kids,3.215369376463576e-05
tfidf_focused,3.202059193987344e-05
tfidf_level,3.201375228517772e-05
tfidf_starting,3.187169737922926e-05
tfidf_handle,3.186898199527595e-05
tfidf_cycle,3.186151657507245e-05
tfidf_ive struggling,3.1859094409190136e-05
tfidf_program,3.1856782785515296e-05
tfidf_practice,3.185318188179975e-05
tfidf_motivation,3.181910149232889e-05
tfidf_life always,3.180161898864101e-05
tfidf_starts,3.1796438741860996e-05
tfidf_planet,3.1781459885142066e-05
tfidf_im trying,3.177642602821294e-05
tfidf_according,3.177275972653421e-05
tfidf_one point,3.17286015550791e-05
tfidf_itd,3.171428758635278e-05
tfidf_problem,3.168803697467585e-05
tfidf_senior year,3.168045134353957e-05
tfidf_25,3.162511876132858e-05
tfidf_id like,3.161916011430087e-05
tfidf_really depression,3.159424904493606e-05
tfidf_current,3.1561288701637105e-05
tfidf_im 14,3.15059576393888e-05
tfidf_decided go,3.149425312377418e-05
tfidf_keep telling,3.149275989477328e-05
tfidf_survey,3.149045542660152e-05
tfidf_sleeping,3.147441140575093e-05
tfidf_calm,3.1466614867593364e-05
tfidf_ive done,3.1433493981818445e-05
tfidf_sunday,3.1403269580497544e-05
tfidf_street,3.132419689161649e-05
tfidf_also dont,3.128119994602822e-05
tfidf_someday,3.125544110931035e-05
tfidf_subreddit,3.1209260384787806e-05
tfidf_anyone wanna,3.1185333880578865e-05
tfidf_everyones,3.115085778364246e-05
tfidf_im pretty,3.1147611683502974e-05
tfidf_yet,3.1141109413543085e-05
tfidf_cases,3.1139225169563883e-05
tfidf_hands,3.1134706138362e-05
tfidf_ever felt,3.113214613578972e-05
tfidf_everything ive,3.106658632350233e-05
tfidf_19,3.100151242747095e-05
tfidf_im 19,3.09999031912677e-05
tfidf_year ago,3.096894241191141e-05
tfidf_im failing,3.092327213404097e-05
tfidf_bye,3.0912300046994695e-05
tfidf_filler,3.090962978731841e-05
tfidf_stream,3.087709653193456e-05
tfidf_thought would,3.083535797301524e-05
tfidf_stood,3.081737628235047e-05
tfidf_doctor,3.0735499085506595e-05
tfidf_religion,3.0722483311247816e-05
tfidf_green,3.070223137233371e-05
tfidf_sides,3.0700504492732346e-05
tfidf_failing,3.0683856530168194e-05
tfidf_government,3.063132643584625e-05
tfidf_memories,3.061815973325362e-05
tfidf_mentioned,3.058498866044504e-05
tfidf_wrong,3.052567669202074e-05
tfidf_pls,3.0483815202489225e-05
tfidf_dads,3.0476821722675056e-05
tfidf_last year,3.044665450891646e-05
tfidf_content,3.0441115898981264e-05
tfidf_forgot,3.0410821049895636e-05
tfidf_appreciated,3.03585538801577e-05
tfidf_fantastic,3.034802725880703e-05
tfidf_would want,3.0331527872536292e-05
tfidf_im feeling,3.0291209815079033e-05
tfidf_hair,3.0257199279789683e-05
tfidf_plans,3.019269683404162e-05
tfidf_lie,3.0161707970841705e-05
tfidf_2021,3.0111597021680747e-05
tfidf_next month,3.001613884859103e-05
tfidf_joy,2.9982428307731257e-05
tfidf_writing,2.9972725140076678e-05
tfidf_drained,2.9882108589589177e-05
tfidf_anything feel,2.9871207375387898e-05
tfidf_crippling,2.9818953488295654e-05
tfidf_third,2.9808479057590936e-05
tfidf_made friends,2.980252740267259e-05
tfidf_overdosing,2.9789414485571034e-05
tfidf_promise,2.9788085017553812e-05
tfidf_go sleep,2.9785620982226032e-05
tfidf_23,2.9779574895852437e-05
tfidf_aspect,2.9742204415213056e-05
tfidf_find someone,2.9740195055360623e-05
tfidf_miles,2.968923338793404e-05
tfidf_friend group,2.968513094666782e-05
tfidf_sure im,2.9645895064792427e-05
tfidf_math,2.9623608465057325e-05
tfidf_fail,2.957761874537522e-05
tfidf_schools,2.9571102545795933e-05
tfidf_freak,2.952388714547841e-05
tfidf_awhile,2.952115944392028e-05
tfidf_spent,2.941387095927527e-05
tfidf_courage,2.939838743786354e-05
tfidf_expectations,2.939232645842692e-05
tfidf_doesnt matter,2.9390955543048676e-05
tfidf_forced,2.9386265824454184e-05
tfidf_dollars,2.935671082140833e-05
tfidf_hung,2.924654268306145e-05
tfidf_line,2.9146239959629293e-05
tfidf_maybe im,2.91109381733437e-05
tfidf_want help,2.9099584729843714e-05
tfidf_pretty much,2.9089835918892373e-05
tfidf_feeling really,2.9043400359783123e-05
tfidf_character,2.8982893279447287e-05
tfidf_doesnt get,2.8930039326889268e-05
tfidf_working,2.8909223989420718e-05
tfidf_emotions,2.8849912963310543e-05
tfidf_missed,2.879140740106446e-05
tfidf_im 17,2.872770391210291e-05
tfidf_jumped,2.871766512372771e-05
tfidf_past days,2.86997675217498e-05
tfidf_win,2.869020110380105e-05
tfidf_humanity,2.8603375292345134e-05
tfidf_band,2.859628603250454e-05
tfidf_go away,2.858873714703978e-05
tfidf_anyone wants,2.8567149818842715e-05
tfidf_anything anymore,2.8512380381108824e-05
tfidf_life dont,2.8504808989991347e-05
tfidf_tell people,2.8485945248885288e-05
tfidf_met,2.8467773913903757e-05
tfidf_universe,2.845873895090545e-05
tfidf_apps,2.8421285541990014e-05
tfidf_lot people,2.8350193108973837e-05
tfidf_video games,2.830670872789538e-05
tfidf_slightly,2.8283972817440078e-05
tfidf_area,2.8280069678717047e-05
tfidf_psych ward,2.823981199961033e-05
tfidf_eve,2.8237695540223924e-05
tfidf_split,2.8197571860329416e-05
tfidf_said im,2.8149147506708448e-05
tfidf_final,2.814109906201669e-05
tfidf_need advice,2.8119217127692883e-05
tfidf_train,2.8089322467497005e-05
tfidf_ugly,2.803785618756343e-05
tfidf_seven,2.8030424480062852e-05
tfidf_20 years,2.801440687028889e-05
tfidf_road,2.801000284183988e-05
tfidf_whats going,2.799035629483253e-05
tfidf_made happy,2.7927792258900518e-05
tfidf_hearing,2.7922665293695583e-05
tfidf_anyone know,2.7837850216535943e-05
tfidf_situations,2.7835732020809996e-05
tfidf_like life,2.78050226550925e-05
tfidf_ive got,2.77825747339616e-05
tfidf_opened,2.775513417425552e-05
tfidf_one thing,2.773004332225935e-05
tfidf_could find,2.7689781987961576e-05
tfidf_process,2.768443679771307e-05
tfidf_likely,2.765717438497704e-05
tfidf_brothers,2.76242880456867e-05
tfidf_bother,2.7597700895818398e-05
tfidf_dies,2.7597166658222765e-05
tfidf_skin,2.7558388952022028e-05
tfidf_judged,2.755357995251622e-05
tfidf_concern,2.7512091681439313e-05
tfidf_link,2.747784501065746e-05
tfidf_screaming,2.74687105411701e-05
tfidf_water,2.746780342621852e-05
tfidf_photos,2.74302436044573e-05
tfidf_disappointed,2.7420411791642772e-05
tfidf_able get,2.7393690987406626e-05
tfidf_thinks,2.738550416028239e-05
tfidf_cars,2.7382901834420184e-05
tfidf_schizophrenia,2.737322511455293e-05
tfidf_talk friends,2.7368912295369805e-05
tfidf_laid,2.735799471013984e-05
tfidf_im pathetic,2.73416657018339e-05
tfidf_developed,2.7316374875335785e-05
tfidf_lucky,2.7299545530297884e-05
tfidf_weeks ago,2.7278041708104684e-05
tfidf_say anything,2.727182482532812e-05
tfidf_good things,2.723252199954872e-05
tfidf_neck,2.714464391223718e-05
tfidf_inch,2.714172129294392e-05
tfidf_247,2.7116167765501028e-05
tfidf_youve,2.7062610689350315e-05
tfidf_frankly,2.703090265712267e-05
tfidf_paper,2.702851090487725e-05
tfidf_30,2.6993250280480284e-05
tfidf_bipolar disorder,2.698628319808677e-05
tfidf_trauma,2.6985583194614305e-05
tfidf_race,2.6979808552464013e-05
tfidf_pull trigger,2.6964916955309376e-05
tfidf_mention,2.6957572164548446e-05
tfidf_beat,2.6944100197767924e-05
tfidf_like really,2.6844473939200062e-05
tfidf_like fuck,2.6838283313704958e-05
tfidf_everyone know,2.683721471199319e-05
tfidf_earlier,2.6833604973228874e-05
tfidf_outside,2.6832023226263767e-05
tfidf_image,2.6814378692322747e-05
tfidf_first day,2.6796470833968373e-05
tfidf_agony,2.677039197284167e-05
tfidf_earn,2.674479249329616e-05
tfidf_police,2.6742935723363227e-05
tfidf_information,2.6730422904057066e-05
tfidf_project,2.6700235623910443e-05
tfidf_thing want,2.666374884004788e-05
tfidf_things happened,2.6636608718700077e-05
tfidf_wave,2.6636119319396798e-05
tfidf_person ive,2.661259735219688e-05
tfidf_office,2.658105414765437e-05
tfidf_instead,2.6578590200152336e-05
tfidf_share,2.6572500139035075e-05
tfidf_sit,2.6542825468726492e-05
tfidf_special,2.6535889821594435e-05
tfidf_low,2.6533914939571082e-05
tfidf_ball,2.6520587261991013e-05
tfidf_patient,2.6507083225870455e-05
tfidf_power,2.6501819000609985e-05
tfidf_disappoint,2.6442648338512853e-05
tfidf_things would,2.6418779694219745e-05
tfidf_theyd,2.637510411716775e-05
tfidf_two years,2.6345407773602146e-05
tfidf_fell asleep,2.6330679015419135e-05
tfidf_spare,2.6255059723366425e-05
tfidf_dragging,2.616620854690808e-05
tfidf_ive ever,2.6158509920812236e-05
tfidf_smile,2.6154898287135896e-05
tfidf_beliefs,2.613652403255071e-05
tfidf_member,2.612629352141758e-05
tfidf_multiple,2.61229437435415e-05
tfidf_dollar,2.6061766460805678e-05
tfidf_button,2.6050956329703294e-05
tfidf_holding back,2.6040497348270445e-05
tfidf_feeling depression,2.6036290838240616e-05
tfidf_im always,2.6019697496505492e-05
tfidf_depression time,2.6008203764550747e-05
tfidf_similar,2.599667048674019e-05
tfidf_know people,2.587943207124648e-05
tfidf_exercise,2.5857038334224067e-05
tfidf_instagram,2.5854153705217936e-05
tfidf_im 16,2.5844947331167513e-05
tfidf_shooting,2.584395913171846e-05
tfidf_runs,2.5810187285776706e-05
tfidf_foot,2.580977131765598e-05
tfidf_burden everyone,2.5748566015789317e-05
tfidf_14,2.5673753394201767e-05
tfidf_dont talk,2.564869611132745e-05
tfidf_fight,2.564074056953019e-05
tfidf_handful,2.5597825345067486e-05
tfidf_sound,2.55948896144069e-05
tfidf_yesterday,2.5510428913347152e-05
tfidf_middle,2.5484178304944603e-05
tfidf_suck,2.5460899364270127e-05
tfidf_mental health,2.5431887652753297e-05
tfidf_sort,2.5426057285721878e-05
tfidf_uh,2.5411640024775878e-05
tfidf_tells,2.5367951932389732e-05
tfidf_luckily,2.535333551096205e-05
tfidf_mom dad,2.530887014056889e-05
tfidf_im happy,2.5304315721307442e-05
tfidf_rape,2.5300943878828214e-05
tfidf_hearts,2.52624747835878e-05
tfidf_one another,2.52193405595957e-05
tfidf_scream,2.5218397073297523e-05
tfidf_ive known,2.5214354050769492e-05
tfidf_60,2.5179686942675236e-05
tfidf_get wrong,2.5142163792960343e-05
tfidf_curious,2.514209102195512e-05
tfidf_get drunk,2.5128975894384696e-05
tfidf_days week,2.5083729402452293e-05
tfidf_cant imagine,2.5026852281337217e-05
tfidf_height,2.5023822317316763e-05
tfidf_oh god,2.4997650314532345e-05
tfidf_need know,2.4997477803198314e-05
tfidf_possible,2.4963715598748634e-05
tfidf_cannot,2.4890547377291982e-05
tfidf_vote,2.4833308265367992e-05
tfidf_zoom,2.481861617502948e-05
tfidf_dont give,2.4814637696052373e-05
tfidf_want keep,2.4801865328238957e-05
tfidf_involved,2.4783715244060454e-05
tfidf_people think,2.4777061699614666e-05
tfidf_cant really,2.4772078707962246e-05
tfidf_christmas,2.472941336029484e-05
tfidf_animals,2.4707527855232837e-05
tfidf_cat,2.4670262483383982e-05
tfidf_keep going,2.4626342743345e-05
tfidf_friends never,2.462280547048246e-05
tfidf_pays,2.4617507983422242e-05
tfidf_committed,2.4606008386300485e-05
tfidf_knife,2.4547717394617893e-05
tfidf_past weeks,2.4509849789578592e-05
tfidf_teaching,2.4497758815006164e-05
tfidf_wrong im,2.4460905004303055e-05
tfidf_absolutely,2.445944025719267e-05
tfidf_dont wanna,2.4443170741422865e-05
tfidf_know know,2.4417357179944604e-05
tfidf_basement,2.4405018444509213e-05
tfidf_reasons,2.439768088996069e-05
tfidf_shouldnt,2.4382319773443373e-05
tfidf_im proud,2.4363210261776225e-05
tfidf_ahead,2.4322707239657746e-05
tfidf_none,2.4317303581181272e-05
tfidf_everywhere,2.4305740183386326e-05
tfidf_blocked,2.4260561450032995e-05
tfidf_worked hard,2.419965279289478e-05
tfidf_helped,2.4190760510281128e-05
tfidf_time cant,2.4176003636847917e-05
tfidf_act like,2.4175201327095523e-05
tfidf_im ugly,2.4135204347097036e-05
tfidf_stays,2.413170540256014e-05
tfidf_many times,2.412826756288712e-05
tfidf_would like,2.4119744359269844e-05
tfidf_eyes,2.4090522119216878e-05
tfidf_land,2.4069664579765578e-05
tfidf_sometimes,2.4047363016237447e-05
tfidf_society,2.4046748845690386e-05
tfidf_based,2.401917345800758e-05
tfidf_anybody,2.399308513287836e-05
tfidf_helping,2.3986435511884907e-05
tfidf_tiktok,2.3977956285270386e-05
tfidf_know life,2.396099680192636e-05
tfidf_since last,2.3960741806323068e-05
tfidf_terms,2.3952198205760717e-05
tfidf_memory,2.3938946739939348e-05
tfidf_dog,2.3934495633647122e-05
tfidf_last days,2.3909452959282046e-05
tfidf_score,2.3904452929748306e-05
tfidf_genuinely,2.387067356417175e-05
tfidf_played,2.3858870576195678e-05
tfidf_spending,2.3849022677875997e-05
tfidf_friends cant,2.382375066569075e-05
tfidf_idiot,2.3793020695557868e-05
tfidf_wanna know,2.3776054333724332e-05
tfidf_dread,2.375130036155963e-05
tfidf_clear,2.372667212392334e-05
tfidf_truly,2.372022681892717e-05
tfidf_smoking weed,2.3709313653820713e-05
tfidf_teenager,2.3699048076371868e-05
tfidf_gotten worse,2.368904075338956e-05
tfidf_heavily,2.368428411785174e-05
tfidf_drop,2.3680922047898428e-05
tfidf_get people,2.3639514480535582e-05
tfidf_time feel,2.3617121800158675e-05
tfidf_brave,2.356970776444145e-05
tfidf_goodbye,2.3566561287805118e-05
tfidf_want try,2.3549840088027173e-05
tfidf_even talk,2.3503961658578993e-05
tfidf_insignificant,2.3502334012201194e-05
tfidf_didnt get,2.3449434908355042e-05
tfidf_get job,2.3408465963753354e-05
tfidf_really happy,2.3406055473468063e-05
tfidf_relatives,2.3389183541470138e-05
tfidf_woman,2.337262629683996e-05
tfidf_get mad,2.3367470015834513e-05
tfidf_physics,2.3351131309515945e-05
tfidf_dropped,2.3350131131715233e-05
tfidf_could talk,2.3331462148989634e-05
tfidf_single,2.330860200904211e-05
tfidf_blah,2.329996900865468e-05
tfidf_drive,2.3296442135872925e-05
tfidf_badly,2.3289022457844768e-05
tfidf_surprised,2.323565865656576e-05
tfidf_rough,2.323283941311448e-05
tfidf_creative,2.322794200044042e-05
tfidf_choice,2.3219085625152126e-05
tfidf_social skills,2.3216410440198795e-05
tfidf_easy,2.320362337793662e-05
tfidf_work dont,2.3195459954676398e-05
tfidf_almost every,2.318542416412006e-05
tfidf_every one,2.315141086426152e-05
tfidf_texting,2.3150154692188055e-05
tfidf_wish never,2.3122714941960194e-05
tfidf_swallow,2.3117640176528103e-05
tfidf_suicidal dont,2.3114504804208467e-05
tfidf_email,2.3075905794354563e-05
tfidf_bite,2.3032933535978242e-05
tfidf_people say,2.3004103531218567e-05
tfidf_homeless,2.2986648075553556e-05
tfidf_living life,2.2984585768997583e-05
tfidf_sorta,2.2969907716132138e-05
tfidf_unable,2.2965625746096545e-05
tfidf_finish,2.2952968920933446e-05
tfidf_denied,2.290045493759166e-05
tfidf_said didnt,2.2877108714832954e-05
tfidf_senior,2.28641502507303e-05
tfidf_give fuck,2.2793351682929377e-05
tfidf_karma,2.276632050249027e-05
tfidf_racist,2.271725542662289e-05
tfidf_lied,2.2702896859922175e-05
tfidf_today im,2.270200834285334e-05
tfidf_notes,2.2645830416779487e-05
tfidf_next week,2.2626127095552517e-05
tfidf_filler filler,2.261179738966672e-05
tfidf_hundreds,2.2523329686815823e-05
tfidf_eaten,2.250377801966602e-05
tfidf_besides,2.250089055408303e-05
tfidf_virgin,2.245909172869113e-05
tfidf_psychologist,2.2456889558771415e-05
tfidf_talk im,2.239414113299055e-05
tfidf_please dont,2.237325102146842e-05
tfidf_breathing,2.2355698166217332e-05
tfidf_want make,2.2350411733930354e-05
tfidf_ill get,2.2326838351684656e-05
tfidf_last couple,2.2289001032029483e-05
tfidf_answer,2.225913695290715e-05
tfidf_come back,2.2214636565610456e-05
tfidf_cake,2.220838111326686e-05
tfidf_mum,2.2204996596857894e-05
tfidf_ridiculous,2.219080293945902e-05
tfidf_spoke,2.2160917487741506e-05
tfidf_didnt want,2.2143324822189743e-05
tfidf_hoping,2.211052105463193e-05
tfidf_recognize,2.2083786809688642e-05
tfidf_gonna get,2.2080079587102485e-05
tfidf_like everyone,2.2052093275744802e-05
tfidf_grandparents,2.192120012887192e-05
tfidf_partner,2.1919055656551997e-05
tfidf_like theres,2.1890730506183683e-05
tfidf_day ive,2.186802972719598e-05
tfidf_answered,2.1859454896539652e-05
tfidf_march,2.1858097823162175e-05
tfidf_netflix,2.181907002557982e-05
tfidf_per,2.1783272482612355e-05
tfidf_spread,2.178246444136262e-05
tfidf_mobile,2.177466009717058e-05
tfidf_help think,2.176756255940357e-05
tfidf_turning,2.1661057253119046e-05
tfidf_someone know,2.163533841812329e-05
tfidf_much better,2.161895509512831e-05
tfidf_true,2.159763944780792e-05
tfidf_cant wait,2.1584136441954454e-05
tfidf_relief,2.1572951632871615e-05
tfidf_tough,2.1564681364220598e-05
tfidf_summer,2.1549567469852155e-05
tfidf_somehow,2.1541065766965376e-05
tfidf_wonderful,2.1514246086040405e-05
tfidf_actual,2.150131109666547e-05
tfidf_events,2.1490522716494132e-05
tfidf_cant believe,2.1467113798456226e-05
tfidf_started talking,2.1460494836855652e-05
tfidf_thinking suicide,2.1432543318743803e-05
tfidf_35,2.139758522394505e-05
tfidf_shed,2.139675371280243e-05
tfidf_vibe,2.1366225824596204e-05
tfidf_realizing,2.1361329248710975e-05
tfidf_mess,2.135202517591933e-05
tfidf_reaching,2.1313772030427696e-05
tfidf_said something,2.1278571721525667e-05
tfidf_loans,2.1274107434352132e-05
tfidf_hopeful,2.1272011099767056e-05
tfidf_unless,2.1248707206739554e-05
tfidf_included,2.1247837946420362e-05
tfidf_conversations,2.1244668846369486e-05
tfidf_term,2.1208494005130098e-05
tfidf_joined,2.120470705936482e-05
tfidf_worse dont,2.1198577207210013e-05
tfidf_whore,2.1147050439833787e-05
tfidf_meeting,2.1133754998995806e-05
tfidf_dont deserve,2.1129025965891625e-05
tfidf_someone tell,2.1065503924139205e-05
tfidf_able go,2.106209513856402e-05
tfidf_draw,2.1061187304768436e-05
tfidf_becomes,2.1051995399624253e-05
tfidf_pretend,2.1036988561070256e-05
tfidf_ice,2.1013115373644148e-05
tfidf_fully,2.1001490128241156e-05
tfidf_hate people,2.0991984708654348e-05
tfidf_sisters,2.097454232950208e-05
tfidf_cant afford,2.097077396280788e-05
tfidf_make friends,2.095131721781126e-05
tfidf_im probably,2.0946365562800536e-05
tfidf_fish,2.0941412392556205e-05
tfidf_sibling,2.091038477183725e-05
tfidf_young,2.0870713951407714e-05
tfidf_skinny,2.0857177969734697e-05
tfidf_ugly im,2.0842718240855965e-05
tfidf_living anymore,2.0836288665286785e-05
tfidf_everything dont,2.0829603033791467e-05
tfidf_behind,2.0780238911962934e-05
tfidf_got back,2.077377749968342e-05
tfidf_like way,2.075791574380368e-05
tfidf_still feel,2.0737982634384548e-05
tfidf_continued,2.073577177026689e-05
tfidf_february,2.0723991106524404e-05
tfidf_leaving,2.0695802499959708e-05
tfidf_time think,2.0618303625884402e-05
tfidf_seems like,2.0617660561189446e-05
tfidf_im supposed,2.0597544828734272e-05
tfidf_fire,2.057010419033085e-05
tfidf_brain,2.055338912273975e-05
tfidf_people always,2.0542643774598908e-05
tfidf_changes,2.0541746840938494e-05
tfidf_drawing,2.0540533449700808e-05
tfidf_student,2.053103035022581e-05
tfidf_shit dont,2.050115540091199e-05
tfidf_improving,2.047365560263354e-05
tfidf_world would,2.0471316333749123e-05
tfidf_deep,2.0462542413832472e-05
tfidf_wont let,2.04617482125298e-05
tfidf_drug,2.0455782321036714e-05
tfidf_nothing else,2.042813350843334e-05
tfidf_would better,2.0428044328467605e-05
tfidf_history,2.0401133913322475e-05
tfidf_insults,2.0393083160114763e-05
tfidf_self esteem,2.0375763008182875e-05
tfidf_hopeless,2.0353421795897736e-05
tfidf_anything im,2.029710305040638e-05
tfidf_doesnt know,2.02851996102227e-05
tfidf_ride,2.0279632138624483e-05
tfidf_course,2.026857256880508e-05
tfidf_months ago,2.0267995017798496e-05
tfidf_need talk,2.0249061377107958e-05
tfidf_totally,2.0221448664551073e-05
tfidf_finding,2.0214679621233622e-05
tfidf_chose,2.0212442361217022e-05
tfidf_change mind,2.021206408186918e-05
tfidf_gives,2.0193506882009203e-05
tfidf_always felt,2.0193035491270643e-05
tfidf_getting help,2.0190504905550764e-05
tfidf_somewhat,2.014076693010046e-05
tfidf_studying,2.0134585796023618e-05
tfidf_taught,2.0123433649224996e-05
tfidf_total,2.0121193441766666e-05
tfidf_nowadays,2.0079492628653066e-05
tfidf_shell,2.0015724651230004e-05
tfidf_prefer,2.000908354538953e-05
tfidf_front,2.0005610248581464e-05
tfidf_starting feel,1.9965463921078158e-05
tfidf_grammar,1.9942417105216123e-05
tfidf_state,1.9933886387319887e-05
tfidf_remind,1.992295507927339e-05
tfidf_hits,1.9922081598131738e-05
tfidf_could done,1.991865315605234e-05
tfidf_ones,1.9915968737822167e-05
tfidf_stole,1.9839019663040287e-05
tfidf_attention,1.9826662616251415e-05
tfidf_hadnt,1.980409451653978e-05
tfidf_rude,1.9778639423071253e-05
tfidf_period,1.9770116875575446e-05
tfidf_began,1.9768656489803845e-05
tfidf_lately ive,1.974649008294166e-05
tfidf_important,1.9736606655462656e-05
tfidf_fast forward,1.973069880354271e-05
tfidf_know whats,1.9729246469048167e-05
tfidf_income,1.9696652315939548e-05
tfidf_far away,1.966979510972936e-05
tfidf_ate,1.9645760100172544e-05
tfidf_im still,1.962217239375572e-05
tfidf_strength,1.9611040493771885e-05
tfidf_first year,1.9594882272374447e-05
tfidf_told im,1.9562235827071728e-05
tfidf_jokes,1.9560259989146395e-05
tfidf_romantic,1.955383090451186e-05
tfidf_wont get,1.950762125129301e-05
tfidf_time get,1.9485757383246645e-05
tfidf_bottle,1.9476027673004446e-05
tfidf_everyone im,1.9421470904822585e-05
tfidf_started going,1.9417015661849568e-05
tfidf_mid,1.9382739406407577e-05
tfidf_talk one,1.936964705319948e-05
tfidf_im posting,1.935980820712316e-05
tfidf_im coming,1.935387742450193e-05
tfidf_want friends,1.9344265869053047e-05
tfidf_really get,1.9340706620300017e-05
tfidf_uni,1.933580428985689e-05
tfidf_accounts,1.9249858504709747e-05
tfidf_comes,1.9246129147736842e-05
tfidf_pieces,1.921442112921912e-05
tfidf_benefits,1.9159733025214432e-05
tfidf_one wants,1.915378466146076e-05
tfidf_pissed,1.912897718332038e-05
tfidf_could make,1.9126561398857516e-05
tfidf_couch,1.910365566720311e-05
tfidf_ex,1.909774731345647e-05
tfidf_fact im,1.9078110174859056e-05
tfidf_becoming,1.907028452467157e-05
tfidf_ignored,1.9068879587103407e-05
tfidf_sees,1.904803265991628e-05
tfidf_tons,1.900995904529956e-05
tfidf_pain anymore,1.8992610082696266e-05
tfidf_really hard,1.8991287656585134e-05
tfidf_required,1.8990725668960143e-05
tfidf_late,1.896008257846895e-05
tfidf_personality,1.8959443023261867e-05
tfidf_horror,1.8901188573502785e-05
tfidf_feed,1.8900206690403032e-05
tfidf_would really,1.888938861868953e-05
tfidf_red,1.886981865629124e-05
tfidf_forward,1.8808063583350892e-05
tfidf_tests,1.8789796798593308e-05
tfidf_chance,1.878062258562432e-05
tfidf_new friends,1.8768440402158884e-05
tfidf_swag,1.876814207628943e-05
tfidf_edit,1.876679664682467e-05
tfidf_destroying,1.875892138779445e-05
tfidf_im taking,1.8734841484405757e-05
tfidf_guys im,1.8734343753644958e-05
tfidf_dare,1.872161384796109e-05
tfidf_closer,1.8670267120819512e-05
tfidf_mode,1.8659676660380257e-05
tfidf_father,1.8641831217063963e-05
tfidf_best friends,1.861333261512538e-05
tfidf_moved,1.8612688716362312e-05
tfidf_zero,1.8591439408081073e-05
tfidf_play games,1.857577570905478e-05
tfidf_didnt care,1.857111293881159e-05
tfidf_cant change,1.8512400582471326e-05
tfidf_online school,1.848348266589309e-05
tfidf_understand im,1.8472910125600022e-05
tfidf_club,1.846797148047967e-05
tfidf_filled,1.844913715602209e-05
tfidf_drink,1.8440004890181457e-05
tfidf_counseling,1.842110557100294e-05
tfidf_regularly,1.842050346537421e-05
tfidf_never even,1.8387391976800748e-05
tfidf_help im,1.8348390021141557e-05
tfidf_intrusive,1.833095730357414e-05
tfidf_regret,1.8280935383620618e-05
tfidf_typical,1.8280239810504975e-05
tfidf_couple months,1.827496868576717e-05
tfidf_view,1.8262834985925836e-05
tfidf_tell parents,1.82078238975301e-05
tfidf_would happen,1.820004517438153e-05
tfidf_gold,1.8188552480369185e-05
tfidf_message,1.818675370179767e-05
tfidf_think ive,1.8183658361088155e-05
tfidf_report,1.813697813458381e-05
tfidf_around neck,1.8096905909762046e-05
tfidf_bathroom,1.8096254191686618e-05
tfidf_thats really,1.807549866766561e-05
tfidf_kill im,1.8064282871547297e-05
tfidf_future im,1.800655289580003e-05
tfidf_know really,1.7975465800563312e-05
tfidf_loser,1.7968184279309075e-05
tfidf_mix,1.7940615092403844e-05
tfidf_school year,1.7877392308587554e-05
tfidf_expecting,1.787169757154119e-05
tfidf_milk,1.7868992888309838e-05
tfidf_fathers,1.784944125484551e-05
tfidf_bothers,1.784252471841575e-05
tfidf_although,1.7835656504092308e-05
tfidf_thing could,1.7832924936529123e-05
tfidf_president,1.7785716420484677e-05
tfidf_try make,1.7784505872324744e-05
tfidf_opening,1.777514830479322e-05
tfidf_corona,1.775260809420635e-05
tfidf_gt,1.7709959322450382e-05
tfidf_terrified,1.7689950351360022e-05
tfidf_could go,1.7684764680335676e-05
tfidf_flaws,1.7663483368270276e-05
tfidf_14 year,1.7658927712198982e-05
tfidf_illness,1.7621161137915334e-05
tfidf_quit,1.760341395646672e-05
tfidf_lay bed,1.7508789486991558e-05
tfidf_dislike,1.7507400495154364e-05
tfidf_im 15,1.7442764646905547e-05
tfidf_trouble,1.741953986950967e-05
tfidf_still cant,1.7416360473379818e-05
tfidf_decision,1.7406963466854874e-05
tfidf_much love,1.7340079727795604e-05
tfidf_lock,1.733004669458822e-05
tfidf_cold,1.7308774071073953e-05
tfidf_wanted say,1.7304883640125147e-05
tfidf_trying best,1.7248529370743308e-05
tfidf_mixed,1.7248191545379714e-05
tfidf_prevent,1.72180726579621e-05
tfidf_pass,1.7202366618254847e-05
tfidf_ago ive,1.7164604648095058e-05
tfidf_many things,1.7151054091469035e-05
tfidf_thing keeping,1.7132425881919724e-05
tfidf_sobbing,1.7127172505922003e-05
tfidf_noticed,1.7118352393461072e-05
tfidf_sink,1.711578729606729e-05
tfidf_past year,1.7115185351693488e-05
tfidf_stomach,1.710389602613178e-05
tfidf_symptoms,1.7063942946579386e-05
tfidf_present,1.7047107623430314e-05
tfidf_good people,1.7040036984998326e-05
tfidf_since dont,1.7013162903825962e-05
tfidf_run away,1.700499155440708e-05
tfidf_feedback,1.6991768870287876e-05
tfidf_know thats,1.6960501707948447e-05
tfidf_specific,1.6939474390357026e-05
tfidf_persons,1.693671044603264e-05
tfidf_bet,1.6918550742391846e-05
tfidf_tired feeling,1.6872331247700775e-05
tfidf_receive,1.6869659834800185e-05
tfidf_would change,1.6869582730587194e-05
tfidf_quiet,1.686056863826548e-05
tfidf_lived,1.6848769864586467e-05
tfidf_react,1.6836709193021416e-05
tfidf_yelled,1.68241342555297e-05
tfidf_cant live,1.680642721234549e-05
tfidf_lay,1.6793073233795506e-05
tfidf_full time,1.6771129739971078e-05
tfidf_season,1.6769703993803274e-05
tfidf_long time,1.6768892673682013e-05
tfidf_noose,1.6714045795318736e-05
tfidf_exams,1.6705982058431348e-05
tfidf_choices,1.670462496205726e-05
tfidf_make want,1.6686576554654313e-05
tfidf_four,1.668141328632432e-05
tfidf_good night,1.666898009922387e-05
tfidf_anyones,1.663711730008945e-05
tfidf_business,1.6614663874432743e-05
tfidf_adults,1.6611670055658318e-05
tfidf_eternal,1.6607442894739894e-05
tfidf_go ahead,1.659930831607038e-05
tfidf_ive trying,1.659212528863456e-05
tfidf_credit,1.657048149523543e-05
tfidf_im bad,1.6552363803594563e-05
tfidf_dont love,1.653276879977699e-05
tfidf_incapable,1.6519012885309114e-05
tfidf_good person,1.6494942173204535e-05
tfidf_life feel,1.6491732478516292e-05
tfidf_loves,1.648651545848839e-05
tfidf_return,1.6459966789774206e-05
tfidf_helps,1.6438634776070213e-05
tfidf_dates,1.638841554987104e-05
tfidf_faith,1.6374335088567682e-05
tfidf_cant control,1.6356296048775515e-05
tfidf_child,1.6335238479206687e-05
tfidf_ive wanted,1.6294788185658627e-05
tfidf_change anything,1.6265684004299138e-05
tfidf_covered,1.625986547732449e-05
tfidf_awful,1.6237571837895917e-05
tfidf_destroy,1.6220985195191518e-05
tfidf_guitar,1.6213250255704636e-05
tfidf_long im,1.6176961182938365e-05
tfidf_cant move,1.6054256648740125e-05
tfidf_like ive,1.601288872919846e-05
tfidf_sympathy,1.600544705905045e-05
tfidf_dont expect,1.5992062871006407e-05
tfidf_remain,1.5936458367390665e-05
tfidf_incredible,1.5934493412123496e-05
tfidf_exhausting,1.591940309386891e-05
tfidf_wishing,1.5907319508653495e-05
tfidf_ive also,1.588205032250023e-05
tfidf_disgusting,1.5879574122973732e-05
tfidf_emotion,1.5865056186150006e-05
tfidf_uncle,1.585917626029263e-05
tfidf_people cant,1.5858675679995593e-05
tfidf_irl,1.585742698353404e-05
tfidf_hating,1.5836719610130174e-05
tfidf_know get,1.582304013328354e-05
tfidf_valuable,1.5821597626160087e-05
tfidf_ghost,1.580157051613922e-05
tfidf_vomit,1.579882250299659e-05
tfidf_pity,1.5698224909343354e-05
tfidf_blame,1.5679709266924405e-05
tfidf_like dont,1.5673936095163095e-05
tfidf_free time,1.566758810319602e-05
tfidf_sexual,1.5662903863679933e-05
tfidf_making friends,1.566242461113426e-05
tfidf_completely alone,1.5657664311166395e-05
tfidf_american,1.565178170573464e-05
tfidf_light,1.5646847577877772e-05
tfidf_hate im,1.5630184119502357e-05
tfidf_waste time,1.5630052875163406e-05
tfidf_force,1.5616442336475415e-05
tfidf_added,1.5611236805381595e-05
tfidf_hasnt,1.5606045175278468e-05
tfidf_causing,1.5595427275189075e-05
tfidf_repeat,1.5587235866286072e-05
tfidf_help one,1.558573852273293e-05
tfidf_really need,1.558124904762135e-05
tfidf_brief,1.5553759694881623e-05
tfidf_31,1.5518328206992772e-05
tfidf_sounds like,1.5500751280650464e-05
tfidf_think could,1.5496723189847527e-05
tfidf_good grades,1.549260168586484e-05
tfidf_thought id,1.5488240015052387e-05
tfidf_fuck im,1.5482036390817008e-05
tfidf_whos,1.5467420875467957e-05
tfidf_im fine,1.5453752910023443e-05
tfidf_could see,1.5428904410836036e-05
tfidf_dearly,1.5426020845268407e-05
tfidf_exit,1.5414463800174463e-05
tfidf_enough im,1.540962848292785e-05
tfidf_remembered,1.5388710204797162e-05
tfidf_ik,1.5375915164582985e-05
tfidf_good idea,1.5336798142883094e-05
tfidf_standing,1.5321376993945004e-05
tfidf_follow,1.5317275360354814e-05
tfidf_want cry,1.5268463674927467e-05
tfidf_education,1.5210116574126942e-05
tfidf_otherwise,1.5193035175501053e-05
tfidf_tried kill,1.5165544808086058e-05
tfidf_appointment,1.514626928361963e-05
tfidf_im considering,1.5144328470098844e-05
tfidf_window,1.514397867899199e-05
tfidf_ive made,1.5109880120092666e-05
tfidf_like thats,1.5109709136991787e-05
tfidf_going end,1.5105516982731908e-05
tfidf_useless,1.507694186165442e-05
tfidf_grow,1.5060842425827152e-05
tfidf_ive started,1.5059853553952366e-05
tfidf_teeth,1.5057912415026928e-05
tfidf_horny,1.501342552361847e-05
tfidf_hit,1.4989468775341085e-05
tfidf_ups,1.4982865002434343e-05
tfidf_im currently,1.4980595933649267e-05
tfidf_plus,1.4970297648004233e-05
tfidf_technically,1.4961332879777916e-05
tfidf_wondering,1.4953840242549523e-05
tfidf_october,1.492230065787126e-05
tfidf_secret,1.4899078485449545e-05
tfidf_sign,1.4895720102877174e-05
tfidf_elses,1.4888004753536273e-05
tfidf_floor,1.488377242159888e-05
tfidf_fresh,1.4866637981385414e-05
tfidf_appreciate,1.4850248412048812e-05
tfidf_dont understand,1.4846572458303786e-05
tfidf_im even,1.483329470466985e-05
tfidf_know like,1.4832535297543272e-05
tfidf_dont mind,1.4819236225478614e-05
tfidf_life isnt,1.4818476158587398e-05
tfidf_whatsoever,1.4809966939548538e-05
tfidf_block,1.4743701241926605e-05
tfidf_feel depression,1.4735837172010794e-05
tfidf_enter,1.4730379950336643e-05
tfidf_trying make,1.4723641736942347e-05
tfidf_enjoying,1.4691274788013956e-05
tfidf_schoolwork,1.4680256829394918e-05
tfidf_anti,1.4669238923890673e-05
tfidf_fell,1.4667831629097337e-05
tfidf_depression suicidal,1.4650280428184067e-05
tfidf_ive heard,1.464079518462809e-05
tfidf_cousin,1.463385947801785e-05
tfidf_make look,1.462604021194901e-05
tfidf_bank,1.4574335025322752e-05
tfidf_know could,1.4573303962797741e-05
tfidf_hide,1.4566910052086047e-05
tfidf_em,1.456555241144646e-05
tfidf_one talk,1.455225462542328e-05
tfidf_moral,1.4541508654591119e-05
tfidf_anxiety depression,1.4531750688534132e-05
tfidf_one year,1.4528938759075213e-05
tfidf_every night,1.4527911166199452e-05
tfidf_near,1.4499766534414096e-05
tfidf_bro,1.4495621253931307e-05
tfidf_never happy,1.4426081912880982e-05
tfidf_contact,1.4405680671613595e-05
tfidf_stress,1.4405382508697061e-05
tfidf_moon,1.438053680293527e-05
tfidf_sent,1.4375880302088837e-05
tfidf_sentence,1.4372018097715416e-05
tfidf_2018,1.435726948171795e-05
tfidf_get bed,1.4350377095979425e-05
tfidf_knowledge,1.4321505927135502e-05
tfidf_worried,1.4320414242588584e-05
tfidf_laughing,1.4295045400500575e-05
tfidf_unattractive,1.427922656813065e-05
tfidf_friendships,1.4273135253751945e-05
tfidf_applications,1.4248084923304293e-05
tfidf_disorder,1.4242583241180807e-05
tfidf_simple,1.424117399899566e-05
tfidf_movies,1.4239161612340564e-05
tfidf_anywhere,1.4202966718893549e-05
tfidf_parking,1.4200453857191424e-05
tfidf_emptiness,1.4198705496268144e-05
tfidf_villain,1.4195892982415889e-05
tfidf_moment,1.419569363439669e-05
tfidf_wish would,1.4193662847991015e-05
tfidf_gain,1.4188018773527614e-05
tfidf_practically,1.4173629166156568e-05
tfidf_community,1.4166618524493802e-05
tfidf_would give,1.4163604595016864e-05
tfidf_closest,1.4159059271210484e-05
tfidf_real friends,1.4151146759425644e-05
tfidf_ill ever,1.4119330588060646e-05
tfidf_arms,1.4069920934304217e-05
tfidf_fuck fuck,1.4057732435754206e-05
tfidf_downhill,1.404676697916102e-05
tfidf_people care,1.4043770155138352e-05
tfidf_ive suicidal,1.4025687110488909e-05
tfidf_things like,1.4021601919827842e-05
tfidf_screen,1.401641325685754e-05
tfidf_shower,1.4005400145989493e-05
tfidf_single time,1.3998105128600251e-05
tfidf_really care,1.3995902509889345e-05
tfidf_excuses,1.3991321545108204e-05
tfidf_loss,1.398729749445585e-05
tfidf_know cant,1.395925134230918e-05
tfidf_things get,1.3929882387562304e-05
tfidf_need go,1.3903130174487623e-05
tfidf_one day,1.3901818497777467e-05
tfidf_skills,1.3893841016379713e-05
tfidf_im ok,1.387731775201378e-05
tfidf_im saying,1.3876444589032629e-05
tfidf_guilty,1.3855622576381048e-05
tfidf_want hear,1.3843857197170768e-05
tfidf_spend time,1.3835091393374245e-05
tfidf_desk,1.3815486733030554e-05
tfidf_show,1.3815139568588709e-05
tfidf_time time,1.3796205071063866e-05
tfidf_lazy,1.3785806961364524e-05
tfidf_really hope,1.3776743701730971e-05
tfidf_ever since,1.3765897980543061e-05
tfidf_like things,1.3764592911807046e-05
tfidf_standards,1.3749483685098289e-05
tfidf_bs,1.3747929234963896e-05
tfidf_dont go,1.3746672895784144e-05
tfidf_get away,1.374161684511538e-05
tfidf_came back,1.373058068089219e-05
tfidf_im glad,1.3728135899478304e-05
tfidf_past months,1.3722837830133249e-05
tfidf_doctors,1.3701655359279351e-05
tfidf_sophomore,1.3697121275469291e-05
tfidf_periods,1.3694223949168835e-05
tfidf_winter,1.3691085176338982e-05
tfidf_ended,1.3669544595758234e-05
tfidf_people feel,1.3668493911351898e-05
tfidf_anything dont,1.3665865256048599e-05
tfidf_trigger,1.365427942169192e-05
tfidf_like hate,1.3643245668698088e-05
tfidf_november,1.3640052515936283e-05
tfidf_much dont,1.3600102016213684e-05
tfidf_focus,1.3595018655603464e-05
tfidf_story short,1.357656688012155e-05
tfidf_murder,1.3562834318040266e-05
tfidf_several times,1.3560060782995384e-05
tfidf_shes going,1.3531846667470974e-05
tfidf_gaming,1.352227666516175e-05
tfidf_steps,1.3522092399011653e-05
tfidf_like always,1.3501718558550258e-05
tfidf_appearance,1.3492598271481512e-05
tfidf_fed,1.3479555507716139e-05
tfidf_one night,1.3473533275942671e-05
tfidf_never actually,1.3472957398511494e-05
tfidf_makes sense,1.3468276307400156e-05
tfidf_person life,1.346502754529656e-05
tfidf_like never,1.3464914048771358e-05
tfidf_much money,1.3463296717977316e-05
tfidf_chemistry,1.3440828411213877e-05
tfidf_attractive,1.3432763900514821e-05
tfidf_million,1.3412527262093954e-05
tfidf_younger,1.3408046686090906e-05
tfidf_argue,1.3406087393152223e-05
tfidf_like get,1.3355112054987178e-05
tfidf_lot time,1.3342142317549091e-05
tfidf_box,1.3341189119762107e-05
tfidf_would make,1.33250543609179e-05
tfidf_feel comfortable,1.3322600029772693e-05
tfidf_ending life,1.3315671180664295e-05
tfidf_toll,1.331501393061282e-05
tfidf_life know,1.330135014872461e-05
tfidf_cure,1.3293905778563422e-05
tfidf_minimum,1.3264568849270457e-05
tfidf_would help,1.3257137103110542e-05
tfidf_dealing depression,1.3256600225563301e-05
tfidf_feel bad,1.3239057057866425e-05
tfidf_session,1.3233840500311713e-05
tfidf_virginity,1.3203094215072607e-05
tfidf_alone im,1.3187597529362816e-05
tfidf_trapped,1.3172203832836796e-05
tfidf_website,1.3166410641619745e-05
tfidf_think anyone,1.315733297188678e-05
tfidf_im fat,1.3147228672225039e-05
tfidf_keep living,1.312757345694058e-05
tfidf_people ive,1.3121929400722185e-05
tfidf_complete,1.3111325792245292e-05
tfidf_want life,1.308237726141558e-05
tfidf_anything cant,1.306471939827549e-05
tfidf_would rather,1.3060623742777159e-05
tfidf_worry,1.305788058321815e-05
tfidf_years ago,1.3039205759744517e-05
tfidf_worked,1.303888125066052e-05
tfidf_hobbies,1.3034603261086094e-05
tfidf_looking forward,1.3014827413388967e-05
tfidf_january,1.301427323410648e-05
tfidf_grandma,1.2995912008999667e-05
tfidf_nobody cares,1.2979107857792187e-05
tfidf_even like,1.2972743245301022e-05
tfidf_seeking,1.296054804468035e-05
tfidf_days ago,1.2953995627592152e-05
tfidf_taste,1.293891114579133e-05
tfidf_capable,1.2938414797156498e-05
tfidf_begin,1.2924212906857185e-05
tfidf_feel completely,1.2919554885113289e-05
tfidf_saying im,1.2909441565349927e-05
tfidf_fucking die,1.2897961838887571e-05
tfidf_though im,1.2890895224138904e-05
tfidf_clothes,1.2869972046658573e-05
tfidf_wanna kill,1.2857136287584356e-05
tfidf_realise,1.2854688059227176e-05
tfidf_never done,1.2847119075426142e-05
tfidf_yelling,1.2836764100090355e-05
tfidf_got really,1.2836364677715006e-05
tfidf_passing,1.2803075814401295e-05
tfidf_scares,1.2797342205341212e-05
tfidf_realize,1.2792162146399682e-05
tfidf_nut,1.2790421491920628e-05
tfidf_passed,1.278694138219464e-05
tfidf_thats im,1.276500426223905e-05
tfidf_tears,1.273885174852367e-05
tfidf_offered,1.273114672270868e-05
tfidf_levels,1.2728855545642753e-05
tfidf_gets better,1.2717251695582715e-05
tfidf_year college,1.2712037024977984e-05
tfidf_someone could,1.270301791547253e-05
tfidf_strong enough,1.269128479857324e-05
tfidf_check,1.2688574776908102e-05
tfidf_switched,1.2683042824739316e-05
tfidf_ive already,1.265260955745192e-05
tfidf_south,1.2648276713703986e-05
tfidf_good im,1.261967963992959e-05
tfidf_agree,1.2617118654456462e-05
tfidf_help people,1.2615309736750386e-05
tfidf_im worried,1.2593533275139397e-05
tfidf_parties,1.256638274084147e-05
tfidf_cook,1.2534033311106985e-05
tfidf_would never,1.2533964563221274e-05
tfidf_necessary,1.2521646501777503e-05
tfidf_warm,1.2502174678857848e-05
tfidf_since ive,1.2489221624407208e-05
tfidf_desperately,1.2480300575049766e-05
tfidf_good day,1.2477365346694883e-05
tfidf_point cant,1.2464323569983994e-05
tfidf_dress,1.2423838105401885e-05
tfidf_though know,1.2421183155927945e-05
tfidf_explaining,1.2411983836436671e-05
tfidf_see reason,1.2381637727884864e-05
tfidf_amount,1.2324839657839454e-05
tfidf_football,1.231565368555945e-05
tfidf_kill dont,1.2302464491220965e-05
tfidf_valid,1.2292521709519315e-05
tfidf_yeah yeah,1.2261183034998685e-05
tfidf_long remember,1.2258096587545128e-05
tfidf_right know,1.2250940910688142e-05
tfidf_im kinda,1.2225770962745205e-05
tfidf_im angry,1.220784230021676e-05
tfidf_bad english,1.2191493773739272e-05
tfidf_go outside,1.2188702414988684e-05
tfidf_adult,1.218484834676382e-05
tfidf_going work,1.2146880991062676e-05
tfidf_raped,1.2133757537459269e-05
tfidf_boyfriend,1.212795060976738e-05
tfidf_say im,1.2127750418342836e-05
tfidf_like burden,1.2118613701032533e-05
tfidf_taking life,1.2102907756961391e-05
tfidf_havent even,1.2095626207044674e-05
tfidf_punishment,1.2023332481782516e-05
tfidf_asks,1.200607181520339e-05
tfidf_proud,1.1950799111090504e-05
tfidf_accident,1.1939528608242509e-05
tfidf_life better,1.1933802526342524e-05
tfidf_struggling,1.1915794025651116e-05
tfidf_camera,1.1912829369563158e-05
tfidf_voices,1.1900827485297287e-05
tfidf_fly,1.1900389112078024e-05
tfidf_pick,1.1896181275667648e-05
tfidf_kill self,1.1891098084541638e-05
tfidf_value,1.1856879215198821e-05
tfidf_anymore cant,1.1833067222458621e-05
tfidf_im finally,1.1824354970540218e-05
tfidf_everyone would,1.1822824347101024e-05
tfidf_title says,1.1805886575933175e-05
tfidf_adding,1.1790875152243541e-05
tfidf_piss,1.1761029803035814e-05
tfidf_gained,1.1758281576815509e-05
tfidf_creepy,1.1749823518187381e-05
tfidf_redditors,1.1739917059833742e-05
tfidf_argument,1.1739266798160495e-05
tfidf_regardless,1.1682310245076409e-05
tfidf_bunch,1.1670965481596142e-05
tfidf_stars,1.1654115020167933e-05
tfidf_threatened,1.1624442728348297e-05
tfidf_youll,1.1620884390176336e-05
tfidf_dose,1.1611691458784504e-05
tfidf_didnt anything,1.159905710889807e-05
tfidf_allow,1.1586103694508706e-05
tfidf_dinner,1.1569126511834385e-05
tfidf_blank,1.1563328652894197e-05
tfidf_onto,1.1553104270966728e-05
tfidf_listening,1.1544919804449301e-05
tfidf_honestly dont,1.1534450962756446e-05
tfidf_diagnosed,1.1530699849623747e-05
tfidf_whats point,1.152199703783498e-05
tfidf_coffee,1.1467411058818147e-05
tfidf_aggressive,1.146734784053777e-05
tfidf_time life,1.1462837982800476e-05
tfidf_wall,1.1454250590862404e-05
tfidf_army,1.1446920503200095e-05
tfidf_else feel,1.140120876644859e-05
tfidf_people talk,1.1385928481510201e-05
tfidf_max,1.1358980231699364e-05
tfidf_done im,1.1336986506437589e-05
tfidf_randomly,1.1332412117888905e-05
tfidf_drugs,1.1326490354482751e-05
tfidf_among us,1.1311942637397577e-05
tfidf_certain,1.1292999358339666e-05
tfidf_three months,1.1279619917122479e-05
tfidf_hungry,1.1257514892894054e-05
tfidf_heaven,1.1256350895278476e-05
tfidf_even get,1.1239633132733814e-05
tfidf_truth,1.1232136692644644e-05
tfidf_plays,1.1229905197288862e-05
tfidf_life right,1.1225763878967018e-05
tfidf_get im,1.1157981142660305e-05
tfidf_degree,1.11540483610575e-05
tfidf_result,1.1128416838178848e-05
tfidf_ideation,1.1049559466091185e-05
tfidf_waited,1.1000650016794071e-05
tfidf_excuse,1.0999055239971044e-05
tfidf_sound like,1.0998073408587284e-05
tfidf_female,1.0994954684326978e-05
tfidf_im stupid,1.0976893832257439e-05
tfidf_natural,1.0952810836429987e-05
tfidf_version,1.0945091187859858e-05
tfidf_guarantee,1.0919689610418122e-05
tfidf_beating,1.090959457658322e-05
tfidf_never gonna,1.0888694483572648e-05
tfidf_lies,1.0855574055576519e-05
tfidf_friends im,1.0851241045179071e-05
tfidf_sight,1.0827383220649471e-05
tfidf_rteenagers,1.0807601322180692e-05
tfidf_training,1.0783021477379643e-05
tfidf_make people,1.0780473340453859e-05
tfidf_never get,1.0754809004560741e-05
tfidf_breathe,1.068782864768433e-05
tfidf_company,1.0672014386649865e-05
tfidf_needing,1.066111650415611e-05
tfidf_surgery,1.065153978252592e-05
tfidf_friends dont,1.063923250692561e-05
tfidf_side,1.0638803179056301e-05
tfidf_available,1.0616356003302495e-05
tfidf_culture,1.0615487704420103e-05
tfidf_depressing,1.0598000031955828e-05
tfidf_assholes,1.0584783950358643e-05
tfidf_username,1.0569670926641231e-05
tfidf_lost job,1.0518865307777869e-05
tfidf_couple years,1.0481628089097583e-05
tfidf_google,1.0474351618030245e-05
tfidf_travel,1.0458584763390654e-05
tfidf_help ive,1.0447631516712628e-05
tfidf_provide,1.0427012614735286e-05
tfidf_even go,1.0426097487217891e-05
tfidf_something else,1.0382052924211464e-05
tfidf_passion,1.0349760160620855e-05
tfidf_psychiatric,1.030985269690588e-05
tfidf_music,1.0258074775436328e-05
tfidf_exact,1.0250804640165195e-05
tfidf_four years,1.0237743216295194e-05
tfidf_quote,1.023586083572335e-05
tfidf_gonna go,1.0220886888118845e-05
tfidf_100,1.0213572601149427e-05
tfidf_someone else,1.0202517858856996e-05
tfidf_cares,1.0201463409496104e-05
tfidf_beautiful,1.0191613137721845e-05
tfidf_always get,1.0155629666123577e-05
tfidf_warning,1.0143025321181945e-05
tfidf_ways,1.0106927162401415e-05
tfidf_thus,1.0102363201776759e-05
tfidf_talk people,1.0008538212371973e-05
tfidf_walks,1.000195243732963e-05
tfidf_cant keep,9.940022223930414e-06
tfidf_much im,9.898580709076729e-06
tfidf_dont say,9.877796452849267e-06
tfidf_crash,9.805070417277237e-06
tfidf_dont take,9.74115503390268e-06
tfidf_end im,9.695545971876395e-06
tfidf_facebook,9.67132583516038e-06
tfidf_wanting die,9.666408513150108e-06
tfidf_major,9.65410943941582e-06
tfidf_people see,9.645784630375932e-06
tfidf_simply,9.625083307727834e-06
tfidf_moments,9.579033450814847e-06
tfidf_day want,9.571142898801204e-06
tfidf_im making,9.569657271837159e-06
tfidf_punching,9.565985352790412e-06
tfidf_theres one,9.55720989610233e-06
tfidf_suicide note,9.526361299385753e-06
tfidf_offer,9.50368282945114e-06
tfidf_background,9.488340914732528e-06
tfidf_rid,9.482845702449415e-06
tfidf_ill keep,9.469009629939617e-06
tfidf_want im,9.430204876793912e-06
tfidf_understanding,9.42791692591974e-06
tfidf_suggest,9.424347033054115e-06
tfidf_year high,9.416449866105904e-06
tfidf_panic attacks,9.413487421601225e-06
tfidf_like know,9.401721318176462e-06
tfidf_three years,9.396482737042788e-06
tfidf_disgusted,9.388056759166012e-06
tfidf_held,9.385714481687466e-06
tfidf_including,9.375609080538268e-06
tfidf_hear,9.34284721002299e-06
tfidf_im much,9.318604156851462e-06
tfidf_next year,9.315431647403332e-06
tfidf_team,9.302571164016724e-06
tfidf_wouldnt even,9.285915726393048e-06
tfidf_medical,9.26955439063763e-06
tfidf_like didnt,9.232522466115826e-06
tfidf_gym,9.183026360408078e-06
tfidf_care anymore,9.096801767925095e-06
tfidf_going dont,9.08605862911962e-06
tfidf_bad thing,9.055550565378033e-06
tfidf_improve,9.049433800417184e-06
tfidf_supportive,9.040693102537101e-06
tfidf_like used,9.036087250902412e-06
tfidf_across,9.015600480788353e-06
tfidf_garage,8.998460550180035e-06
tfidf_strong,8.997279545644734e-06
tfidf_point im,8.978289162182149e-06
tfidf_shouldve,8.936551310985242e-06
tfidf_go home,8.918195384486757e-06
tfidf_want stop,8.91762009944887e-06
tfidf_promised,8.887845648985788e-06
tfidf_admit,8.872893941125325e-06
tfidf_going go,8.871070518449387e-06
tfidf_two weeks,8.840622600756286e-06
tfidf_ive lost,8.814354855640146e-06
tfidf_prison,8.788895285037338e-06
tfidf_weather,8.77661480827847e-06
tfidf_painless,8.771716846612744e-06
tfidf_long story,8.723015308520106e-06
tfidf_im girl,8.720474198166837e-06
tfidf_replied,8.709500411477847e-06
tfidf_get one,8.704420624698607e-06
tfidf_difficult,8.688745630705945e-06
tfidf_dance,8.663960622178484e-06
tfidf_listening music,8.663471069679385e-06
tfidf_smoke,8.633922320443645e-06
tfidf_activities,8.63100112014e-06
tfidf_sharing,8.587205405246378e-06
tfidf_think thats,8.571757077510896e-06
tfidf_things ive,8.564658122451011e-06
tfidf_ran,8.558406801984146e-06
tfidf_fill,8.542764950995829e-06
tfidf_want wake,8.54134044492448e-06
tfidf_spoken,8.528291233508769e-06
tfidf_mins,8.506655292356745e-06
tfidf_iti,8.501390487687313e-06
tfidf_hate everything,8.500365753250948e-06
tfidf_finally get,8.498661592044861e-06
tfidf_cursed,8.451354213980219e-06
tfidf_eachother,8.422559074968519e-06
tfidf_worse worse,8.416510066932903e-06
tfidf_anyone ever,8.40844726769248e-06
tfidf_hurts much,8.407371378999304e-06
tfidf_hope dont,8.402321050982922e-06
tfidf_access,8.364239684633553e-06
tfidf_gender,8.343288694515243e-06
tfidf_like one,8.333599960956856e-06
tfidf_cared,8.317885283812901e-06
tfidf_distance,8.30755557811983e-06
tfidf_around im,8.285318266876844e-06
tfidf_living im,8.2847520200284e-06
tfidf_basic,8.247758415047899e-06
tfidf_user,8.242373500332567e-06
tfidf_jobs,8.211811511286041e-06
tfidf_harder,8.209517169840556e-06
tfidf_want take,8.193466331595132e-06
tfidf_get home,8.173892119970428e-06
tfidf_discussion,8.165352436940828e-06
tfidf_became,8.16324625518518e-06
tfidf_first place,8.1509070551719e-06
tfidf_anything else,8.143646045980625e-06
tfidf_years im,8.140447721410932e-06
tfidf_secretly,8.137375111793347e-06
tfidf_endless,8.134724350797134e-06
tfidf_live dont,8.125806386091608e-06
tfidf_feel need,8.11881840766427e-06
tfidf_ill give,8.100288016770038e-06
tfidf_get shit,8.092406852789968e-06
tfidf_year since,8.091896800804388e-06
tfidf_back together,8.088686390628608e-06
tfidf_vision,8.08517065862164e-06
tfidf_even think,8.080965784440091e-06
tfidf_blaming,8.080126718473214e-06
tfidf_followed,8.078359232294078e-06
tfidf_find way,8.075541519392336e-06
tfidf_achieve,8.062966768506457e-06
tfidf_see people,8.06204339503272e-06
tfidf_wouldve,7.996330679510524e-06
tfidf_thing dont,7.991100426153318e-06
tfidf_im typing,7.989911539483139e-06
tfidf_breath,7.976560903960927e-06
tfidf_left alone,7.973052064693914e-06
tfidf_handle anymore,7.970887355534664e-06
tfidf_click,7.964144228829794e-06
tfidf_suicidei,7.95958502578057e-06
tfidf_frustrated,7.934560502916103e-06
tfidf_want want,7.93166001943743e-06
tfidf_roof,7.919062935297798e-06
tfidf_whether,7.895820172293808e-06
tfidf_time dont,7.865939462187565e-06
tfidf_better person,7.856122547347135e-06
tfidf_enough get,7.845334814801284e-06
tfidf_treating,7.837733144980914e-06
tfidf_punished,7.817281952613683e-06
tfidf_best thing,7.808086819293557e-06
tfidf_highschool,7.803069176939906e-06
tfidf_time want,7.79000415449332e-06
tfidf_account,7.780790984923072e-06
tfidf_getting better,7.77950056699867e-06
tfidf_time im,7.773184797036045e-06
tfidf_tired life,7.76533499543721e-06
tfidf_want think,7.763501682285705e-06
tfidf_ever wanted,7.761740793867722e-06
tfidf_faking,7.760795277668411e-06
tfidf_kitchen,7.745290583938191e-06
tfidf_ive always,7.728927066385533e-06
tfidf_mirror,7.726764458556646e-06
tfidf_happy birthday,7.725159532715276e-06
tfidf_couple days,7.721909361184448e-06
tfidf_twitter,7.721804936736168e-06
tfidf_along,7.716003386207856e-06
tfidf_im lonely,7.714136020814786e-06
tfidf_laugh,7.714116673790118e-06
tfidf_hotel,7.6994394346791e-06
tfidf_spiral,7.687257027242034e-06
tfidf_imagine,7.68589906265379e-06
tfidf_severe,7.675372465597241e-06
tfidf_years later,7.673477779184274e-06
tfidf_horribly,7.66902933354982e-06
tfidf_yeah im,7.660343204629177e-06
tfidf_falling,7.658082148448063e-06
tfidf_wished,7.643711246550336e-06
tfidf_nothing good,7.63970313519812e-06
tfidf_space,7.632703160189987e-06
tfidf_park,7.631225100183465e-06
tfidf_hate much,7.614402663859932e-06
tfidf_protect,7.600771513556921e-06
tfidf_survival,7.596783454663061e-06
tfidf_dont much,7.5862272589571064e-06
tfidf_maths,7.5764435628573475e-06
tfidf_confusing,7.567184122030404e-06
tfidf_sorry im,7.563286748155351e-06
tfidf_last thing,7.5534923685435716e-06
tfidf_friends feel,7.544604639225479e-06
tfidf_severely,7.541274342699668e-06
tfidf_everyone life,7.525958286598154e-06
tfidf_pain cant,7.520137476939499e-06
tfidf_school work,7.506627361952993e-06
tfidf_drove,7.4993407361752705e-06
tfidf_series,7.482926278619685e-06
tfidf_making feel,7.43895790420687e-06
tfidf_knock,7.437299631303655e-06
tfidf_dr,7.435439863021402e-06
tfidf_says im,7.4287838783291054e-06
tfidf_next time,7.4259729733195904e-06
tfidf_day day,7.425192486329052e-06
tfidf_heartbroken,7.418523012687405e-06
tfidf_way dont,7.406973604295584e-06
tfidf_solid,7.402240327885523e-06
tfidf_pregnant,7.401127097478269e-06
tfidf_happier,7.399059169635694e-06
tfidf_care much,7.3889745246795485e-06
tfidf_detail,7.385421663935742e-06
tfidf_really know,7.381807157259083e-06
tfidf_new people,7.376678547828311e-06
tfidf_tried talk,7.368718266072093e-06
tfidf_talks,7.3584976459859105e-06
tfidf_want stay,7.356269818913079e-06
tfidf_know ive,7.344370706514505e-06
tfidf_one best,7.342571648776749e-06
tfidf_depression depression,7.3422692499637665e-06
tfidf_caused,7.329344425953619e-06
tfidf_really think,7.322797369881645e-06
tfidf_please tell,7.313481946446028e-06
tfidf_court,7.3114433540998935e-06
tfidf_proof,7.308110533064326e-06
tfidf_address,7.3010877873463045e-06
tfidf_tried best,7.298333665568909e-06
tfidf_saved,7.296371597068061e-06
tfidf_one friend,7.293968358456314e-06
tfidf_waking,7.287297455958636e-06
tfidf_take seriously,7.283171998923627e-06
tfidf_theres much,7.274803751825591e-06
tfidf_smell,7.272950913894715e-06
tfidf_like said,7.265839467170606e-06
tfidf_fairly,7.262532178074153e-06
tfidf_taken away,7.257698996039528e-06
tfidf_play video,7.255914432552479e-06
tfidf_meat,7.248335580257381e-06
tfidf_im lost,7.244440452302424e-06
tfidf_end day,7.225748697379541e-06
tfidf_success,7.2126386817071e-06
tfidf_responsible,7.208234047081112e-06
tfidf_fallen,7.1957235120557095e-06
tfidf_right dont,7.178853596731609e-06
tfidf_really feel,7.160608297575955e-06
tfidf_person im,7.154176636737136e-06
tfidf_anymore ive,7.146431554444113e-06
tfidf_shop,7.142759985652025e-06
tfidf_purpose,7.137836770104827e-06
tfidf_august,7.128484099201754e-06
tfidf_know much,7.127378579375822e-06
tfidf_entirely,7.11398883304271e-06
tfidf_point dont,7.094676057834266e-06
tfidf_tired living,7.093694608260614e-06
tfidf_pretty sure,7.093179282971688e-06
tfidf_generally,7.092714553454743e-06
tfidf_potential,7.0902763590763795e-06
tfidf_picked,7.0902763590763795e-06
tfidf_could never,7.084414753125067e-06
tfidf_financial,7.0806355554272976e-06
tfidf_help feel,7.069646640953228e-06
tfidf_nah,7.066368780392123e-06
tfidf_surrounded,7.06368237783518e-06
tfidf_chatting,7.062019026156554e-06
tfidf_everybody,7.052746790184516e-06
tfidf_paid,7.0464852743064006e-06
tfidf_never good,7.037349096647261e-06
tfidf_hole,7.033307928154458e-06
tfidf_deeper,7.03104498584733e-06
tfidf_anything right,7.020607447955946e-06
tfidf_tiny,7.0199597493638524e-06
tfidf_hed,7.018891475455308e-06
tfidf_weekends,7.0185581514195764e-06
tfidf_waste space,7.013045643835899e-06
tfidf_contemplating suicide,7.001914400695687e-06
tfidf_recommend,6.988133164747673e-06
tfidf_tendencies,6.969297004408936e-06
tfidf_like friends,6.96651329855454e-06
tfidf_bpd,6.958268207649523e-06
tfidf_talk feel,6.928400480541766e-06
tfidf_im living,6.916896030986892e-06
tfidf_let alone,6.9124752031549344e-06
tfidf_minor,6.912324416063324e-06
tfidf_try keep,6.9122199510413425e-06
tfidf_behavior,6.907924280415166e-06
tfidf_crap,6.902619464471711e-06
tfidf_like much,6.890622227546124e-06
tfidf_award,6.8816730310894516e-06
tfidf_sometimes feel,6.880985919727426e-06
tfidf_six,6.85699259892455e-06
tfidf_go bed,6.842149676804546e-06
tfidf_things going,6.837121846020608e-06
tfidf_asshole,6.835236617543867e-06
tfidf_interactions,6.821591208497608e-06
tfidf_refuses,6.819472100598133e-06
tfidf_thursday,6.805679483612171e-06
tfidf_throat,6.803298215677451e-06
tfidf_average,6.774464225573667e-06
tfidf_appear,6.773169654390328e-06
tfidf_attack,6.771629215961696e-06
tfidf_one would,6.7680666559810415e-06
tfidf_cant bear,6.7670868170984065e-06
tfidf_give shit,6.766059172759088e-06
tfidf_like shes,6.759873685518922e-06
tfidf_make life,6.758675817342923e-06
tfidf_way make,6.758332914922953e-06
tfidf_new one,6.751975611028278e-06
tfidf_im literally,6.738188083683922e-06
tfidf_carry,6.725307505253937e-06
tfidf_event,6.71812401696809e-06
tfidf_lt,6.71812401696809e-06
tfidf_ive become,6.715688223198591e-06
tfidf_two days,6.705866580066431e-06
tfidf_ground,6.704771162023109e-06
tfidf_go way,6.702591538375746e-06
tfidf_ends,6.677375162289078e-06
tfidf_cost,6.676415700834492e-06
tfidf_justify,6.6720745382098e-06
tfidf_built,6.671731792572659e-06
tfidf_minute,6.6708135459081684e-06
tfidf_one time,6.665873501963903e-06
tfidf_odd,6.662602330877439e-06
tfidf_stared,6.652970127321798e-06
tfidf_suggestions,6.650321609233579e-06
tfidf_dont make,6.648775694590874e-06
tfidf_said yes,6.643268745842014e-06
tfidf_daily,6.630322176620179e-06
tfidf_introverted,6.620506192862575e-06
tfidf_ill go,6.619598182026189e-06
tfidf_would feel,6.61532903258275e-06
tfidf_lonely,6.603540121538594e-06
tfidf_know many,6.592900944623512e-06
tfidf_talk anyone,6.5926261926828444e-06
tfidf_silent,6.59037484395066e-06
tfidf_seem like,6.5802242557202115e-06
tfidf_trying hard,6.573657949628518e-06
tfidf_anyone want,6.566944554136512e-06
tfidf_bill,6.558341756513596e-06
tfidf_ppl,6.555973434629912e-06
tfidf_breaking,6.5511883734527214e-06
tfidf_ive found,6.5325084179417686e-06
tfidf_anymore want,6.529151744918626e-06
tfidf_size,6.52884878891148e-06
tfidf_see therapist,6.528597514616083e-06
tfidf_worker,6.5158753681234036e-06
tfidf_dunno,6.501037475279278e-06
tfidf_therefore,6.497756775997112e-06
tfidf_conclusion,6.488688073446341e-06
tfidf_classmates,6.485057551768306e-06
tfidf_accomplished,6.462232270187812e-06
tfidf_results,6.4604332155138685e-06
tfidf_contemplating,6.456857824599764e-06
tfidf_realization,6.443564240934329e-06
tfidf_talking people,6.440065396060474e-06
tfidf_bleed,6.420982751981296e-06
tfidf_planned,6.413723565857411e-06
tfidf_accepting,6.4057419830394386e-06
tfidf_replaced,6.399683184985555e-06
tfidf_helpi,6.3915666446272445e-06
tfidf_backstory,6.390042454019721e-06
tfidf_said would,6.384657662492826e-06
tfidf_dont belong,6.370139560347684e-06
tfidf_recently ive,6.357943890154852e-06
tfidf_im talking,6.35072437276385e-06
tfidf_still dont,6.349587012890787e-06
tfidf_new job,6.3481994577902475e-06
tfidf_coming back,6.333528087516643e-06
tfidf_friends ive,6.309062455959829e-06
tfidf_inpatient,6.305457228271035e-06
tfidf_charge,6.297851229551827e-06
tfidf_feeling like,6.285080046585534e-06
tfidf_fix,6.283526254026886e-06
tfidf_crisis,6.282827172257569e-06
tfidf_solve,6.280800974975383e-06
tfidf_beginning,6.278983732690089e-06
tfidf_kill myselfi,6.2779961225772775e-06
tfidf_get life,6.275658281067484e-06
tfidf_nowi,6.275658281067484e-06
tfidf_existing,6.254232908701441e-06
tfidf_feel nothing,6.232139752241149e-06
tfidf_showed,6.229140550508487e-06
tfidf_group friends,6.21637822536949e-06
tfidf_think ill,6.183642954049706e-06
tfidf_take away,6.183642954049706e-06
tfidf_describe,6.172959974225073e-06
tfidf_didnt go,6.172959974225073e-06
tfidf_im point,6.154587305979099e-06
tfidf_tell im,6.147927955972238e-06
tfidf_life one,6.138368784673541e-06
tfidf_grandpa,6.107161158117458e-06
tfidf_never wanted,6.099849970888249e-06
tfidf_surprise,6.085805615981286e-06
tfidf_afford,6.06701746802994e-06
tfidf_eight,6.050141880845287e-06
tfidf_trump,6.046585066100536e-06
tfidf_way much,6.044467250376488e-06
tfidf_overcome,5.990457292468622e-06
tfidf_worthy,5.972453841423119e-06
tfidf_feel worse,5.965297411674646e-06
tfidf_comforting,5.965297411674646e-06
tfidf_headache,5.963498589295835e-06
tfidf_apartment,5.962915043207012e-06
tfidf_chronic,5.959131860484847e-06
tfidf_anger,5.958661367902575e-06
tfidf_zoloft,5.952892792542824e-06
tfidf_go therapy,5.924670398721511e-06
tfidf_seconds,5.911711177210937e-06
tfidf_isolation,5.899243587900258e-06
tfidf_want happy,5.892636883631455e-06
tfidf_lower,5.875827978155336e-06
tfidf_behind back,5.853117246450768e-06
tfidf_ruined,5.8286543483869295e-06
tfidf_dear,5.827270895197409e-06
tfidf_literal,5.819875943216668e-06
tfidf_depression long,5.8174441161974255e-06
tfidf_even fucking,5.7982776668488635e-06
tfidf_trans,5.741986339288965e-06
tfidf_frequent,5.714022887465007e-06
tfidf_time like,5.708107884279508e-06
tfidf_tired cant,5.682107606540155e-06
tfidf_really bad,5.664852706836394e-06
tfidf_incredibly,5.661502597067887e-06
tfidf_pop,5.6481805977672604e-06
tfidf_monster,5.647554531814007e-06
tfidf_given,5.612881939483509e-06
tfidf_talk parents,5.604385684231048e-06
tfidf_even make,5.592466323444981e-06
tfidf_wanting kill,5.589960515609846e-06
tfidf_guy im,5.58044099784647e-06
tfidf_fucks,5.537013822674208e-06
tfidf_listened,5.524740063818567e-06
tfidf_real world,5.5037758913413005e-06
tfidf_accused,5.493881542980402e-06
tfidf_away im,5.493881542980402e-06
tfidf_34,5.473328246742373e-06
tfidf_leave house,5.464239908435795e-06
tfidf_im already,5.4131887673640595e-06
tfidf_believes,5.366336643101638e-06
tfidf_teenagers,5.3135045901334305e-06
tfidf_direction,5.311829220172341e-06
tfidf_ruining,5.307497679693502e-06
tfidf_go dont,5.277940072930535e-06
tfidf_alcohol,5.259784232876925e-06
tfidf_junior,5.256930677599635e-06
tfidf_starve,5.256432143810116e-06
tfidf_known,5.2451621286091124e-06
tfidf_heart attack,5.225814093700505e-06
tfidf_breakdown,5.218998810943645e-06
tfidf_im exhausted,5.214822014906861e-06
tfidf_ive failed,5.211170339555138e-06
tfidf_uk,5.2099175490386e-06
tfidf_porn,5.20876428735951e-06
tfidf_positive,5.1984553946116984e-06
tfidf_would say,5.1831605558526555e-06
tfidf_cheating,5.1597898981324706e-06
tfidf_didnt know,5.158207601966689e-06
tfidf_theyll,5.12828962705499e-06
tfidf_research,5.1032606566852364e-06
tfidf_cliff,5.0589671316153115e-06
tfidf_loud,5.024346292625751e-06
tfidf_whole family,5.0200484727235625e-06
tfidf_away dont,4.997006333280223e-06
tfidf_im worthless,4.985225168785127e-06
tfidf_accept,4.946048834750797e-06
tfidf_know make,4.8927060857094305e-06
tfidf_love love,4.864403373434452e-06
tfidf_im desperate,4.857572799800403e-06
tfidf_surely,4.843296270323134e-06
tfidf_day im,4.837045687665659e-06
tfidf_campus,4.768140129912876e-06
tfidf_like need,4.734297927676228e-06
tfidf_mental hospital,4.733287891305196e-06
tfidf_one really,4.7087383526155385e-06
tfidf_need get,4.683553008080064e-06
tfidf_air,4.654070205908403e-06
tfidf_answers,4.623655886746762e-06
tfidf_leaves,4.617967921779721e-06
tfidf_one person,4.5508562827458595e-06
tfidf_something bad,4.484282944698055e-06
tfidf_regular,4.483624137488254e-06
tfidf_bf,4.477462196002166e-06
tfidf_family im,4.466085593445111e-06
tfidf_im waiting,4.466085593445111e-06
tfidf_cant remember,4.465256017601032e-06
tfidf_bad things,4.36079242047186e-06
tfidf_language,4.297410520768452e-06
tfidf_episode,4.209661454612632e-06
tfidf_came home,4.189119711484842e-06
tfidf_thisi,4.084091714700178e-06
tfidf_im person,4.078844673048693e-06
tfidf_complain,4.008118334945951e-06
tfidf_maintain,3.9621240729231564e-06
tfidf_make happy,3.896634418825252e-06
tfidf_giant,3.892668796174543e-06
tfidf_going im,3.883870944867279e-06
tfidf_following,3.867653076720611e-06
tfidf_related,3.843670079431614e-06
tfidf_brush,3.843666704830292e-06
tfidf_one girl,3.828811924976533e-06
tfidf_friend told,3.823065154671124e-06
tfidf_shown,3.7913652800989128e-06
tfidf_day cant,3.661581719612926e-06
tfidf_battling,3.64830253007584e-06
tfidf_concerned,3.4954838503805515e-06
tfidf_im looking,3.4830674116714534e-06
tfidf_dirty,3.473752374742774e-06
tfidf_convinced,3.45723277574414e-06
tfidf_places,3.4536040288782885e-06
tfidf_leading,3.4300925725223234e-06
tfidf_like think,3.3991448714894313e-06
tfidf_scary,3.189057718392858e-06
tfidf_embarrassed,3.147013443622239e-06
tfidf_theres way,3.084231380163277e-06
tfidf_son,3.047463474335638e-06
tfidf_desperate,3.0388041463720283e-06
tfidf_9th,3.0075923127594767e-06
tfidf_always wanted,2.8905224183687845e-06
tfidf_go back,2.850081096681349e-06
tfidf_allowed,2.6827224756162432e-06
tfidf_checking,2.6778954537134886e-06
tfidf_occasions,2.6710990949483593e-06
tfidf_amazing,2.6611455011628578e-06
tfidf_im fucked,2.5485792499196635e-06
tfidf_full,2.4999116174396153e-06
tfidf_honest,2.4984758740790403e-06
tfidf_raise,2.460081174408319e-06
tfidf_truck,2.3303225669203685e-06
tfidf_apply,2.2591464795648035e-06
tfidf_know someone,2.253543145110263e-06
tfidf_lockdown,1.9846980218457253e-06
tfidf_worst part,1.9810615384361707e-06
tfidf_distract,1.9108028939094044e-06
tfidf_everythings,1.854768313031549e-06
tfidf_want let,1.811110113075606e-06
tfidf_socially,1.8056298646423058e-06
tfidf_didnt really,1.7725690897690942e-06
tfidf_hurt people,1.7454804684185687e-06
tfidf_pray,1.7392737022677974e-06
tfidf_much time,1.6828253041068188e-06
tfidf_currently,1.5680520661524717e-06
tfidf_think life,1.5439905276842398e-06
tfidf_nature,1.532126037610683e-06
tfidf_immediately,1.4897829651212113e-06
tfidf_im really,1.4856484528812378e-06
tfidf_texts,1.473178804146666e-06
tfidf_life even,1.461113384538899e-06
tfidf_replies,1.4507164867387961e-06
tfidf_ive seen,1.4107560866586876e-06
tfidf_good thing,1.3683320616855932e-06
tfidf_lungs,1.3587116643621307e-06
tfidf_damaged,1.3230675776591355e-06
tfidf_meaningless,1.2688248541107447e-06
tfidf_people life,1.2482905819576292e-06
tfidf_shortly,1.1728755717623407e-06
tfidf_im terrified,1.1728560528733635e-06
tfidf_hard time,1.1160881995692926e-06
tfidf_permanent,1.0676675556155614e-06
tfidf_lack,1.0628914013351591e-06
tfidf_successful,1.049741999328284e-06
tfidf_much cant,1.0040096945447113e-06
tfidf_insurance,8.938697790727239e-07
tfidf_news,8.48200098668061e-07
tfidf_life seems,8.107079552297854e-07
tfidf_worlds,7.989237604921415e-07
tfidf_kill want,7.255902079320652e-07
tfidf_flesh,6.858844415805639e-07
tfidf_semester,6.85753966169868e-07
tfidf_destroyed,6.802349114558874e-07
tfidf_cutting,6.560511357837889e-07
tfidf_drinks,6.231531460981411e-07
tfidf_better im,6.128171236164411e-07
tfidf_jesus,6.10809448331234e-07
tfidf_cousins,5.18003374374578e-07
tfidf_like good,4.869213181030012e-07
tfidf_world im,4.6584399920987634e-07
tfidf_nothing wrong,4.534899409705889e-07
tfidf_staring,4.498894282835532e-07
tfidf_back im,4.44883666899514e-07
tfidf_extra,4.144026994996624e-07
tfidf_didnt ask,3.8302892900598703e-07
tfidf_situation,3.2426855667235404e-07
tfidf_nightmare,3.1652156615627164e-07
tfidf_say things,2.719406002739241e-07
tfidf_matter much,2.597100030000154e-07
tfidf_never see,2.303355089364583e-07
tfidf_confused,1.9644077376721156e-07
tfidf_arm,1.5599816891281852e-07
tfidf_cant stand,1.5548226547563692e-07
tfidf_anymorei,1.4507379012377494e-07
tfidf_wish dead,1.2742397591688278e-07
tfidf_hardest,1.2727461748885262e-07
tfidf_want alone,1.2566523983167815e-07
tfidf_named,1.2217250550764108e-07
tfidf_suffer,1.1389280439043842e-07
tfidf_look back,1.0348500888933899e-07
tfidf_decide,9.484403309148477e-08
tfidf_letting,9.143363245207956e-08
tfidf_putting,9.084028558806513e-08
tfidf_nobody wants,9.025653487340156e-08
tfidf_hardly,8.804720162051428e-08
tfidf_im working,7.535997088156208e-08
tfidf_previous,7.27991454926467e-08
tfidf_hanging,6.978816688176623e-08
tfidf_wild,5.813973602186634e-08
tfidf_things dont,5.487156857664851e-08
tfidf_divorce,5.1008998007178223e-08
tfidf_selling,4.6036749127843947e-08
tfidf_attempted,4.383153527397071e-08
tfidf_24,4.151386981813499e-08
tfidf_shit im,3.908328476202272e-08
tfidf_guilt,3.702484295726391e-08
tfidf_entire life,2.988721775920136e-08
tfidf_stories,2.9266010934400616e-08
tfidf_tuesday,2.3535603336362037e-08
tfidf_last months,1.968744899465651e-08
tfidf_function,1.8226684338904758e-08
tfidf_born,1.7078453380243726e-08
tfidf_upon,1.5390344199359446e-08
tfidf_kicked,1.4076280243817534e-08
tfidf_live im,3.6197664188937406e-09
tfidf_something never,0.0
tfidf_sorry long,0.0
tfidf_atm,0.0
tfidf_something good,0.0
tfidf_something im,0.0
tfidf_something ive,0.0
tfidf_atleast,0.0
tfidf_sometimes think,0.0
tfidf_somewhere,0.0
tfidf_assume,0.0
tfidf_assignment,0.0
tfidf_soon im,0.0
tfidf_assaulted,0.0
tfidf_something wrong,0.0
tfidf_sometime,0.0
tfidf_sooner,0.0
tfidf_something cant,0.0
tfidf_something would,0.0
tfidf_fair,0.0
tfidf_attached,0.0
tfidf_see anything,0.0
tfidf_seek help,0.0
tfidf_seek,0.0
tfidf_begged,0.0
tfidf_see way,0.0
tfidf_see point,0.0
tfidf_see life,0.0
tfidf_see im,0.0
tfidf_see future,0.0
tfidf_begging,0.0
tfidf_school friends,0.0
tfidf_security,0.0
tfidf_second time,0.0
tfidf_searching,0.0
tfidf_sea,0.0
tfidf_screwed,0.0
tfidf_begun,0.0
tfidf_screamed,0.0
tfidf_believed,0.0
tfidf_seemed,0.0
tfidf_bedroom,0.0
tfidf_self harm,0.0
tfidf_self harming,0.0
tfidf_severe depression,0.0
tfidf_several years,0.0
tfidf_batman,0.0
tfidf_setting,0.0
tfidf_sessions,0.0
tfidf_services,0.0
tfidf_service,0.0
tfidf_beach,0.0
tfidf_bear,0.0
tfidf_serious,0.0
tfidf_september,0.0
tfidf_beaten,0.0
tfidf_sensitive,0.0
tfidf_beautiful beautiful,0.0
tfidf_beauty,0.0
tfidf_sell,0.0
tfidf_selfharm,0.0
tfidf_belong,0.0
tfidf_school dont,0.0
tfidf_sexually,0.0
tfidf_ruined life,0.0
tfidf_sadness,0.0
tfidf_sadly,0.0
tfidf_rush,0.0
tfidf_running away,0.0
tfidf_better place,0.0
tfidf_better without,0.0
tfidf_rules,0.0
tfidf_rule,0.0
tfidf_ruin,0.0
tfidf_belt,0.0
tfidf_row,0.0
tfidf_routine,0.0
tfidf_round,0.0
tfidf_rope,0.0
tfidf_beyond,0.0
tfidf_role,0.0
tfidf_rock bottom,0.0
tfidf_rock,0.0
tfidf_better life,0.0
tfidf_safety,0.0
tfidf_better ive,0.0
tfidf_said dont,0.0
tfidf_benefit,0.0
tfidf_scars,0.0
tfidf_scared im,0.0
tfidf_scared dont,0.0
tfidf_scare,0.0
tfidf_best way,0.0
tfidf_say goodbye,0.0
tfidf_betrayed,0.0
tfidf_better cant,0.0
tfidf_better dead,0.0
tfidf_savings,0.0
tfidf_saving,0.0
tfidf_save,0.0
tfidf_saturday,0.0
tfidf_better dont,0.0
tfidf_sanity,0.0
tfidf_sake,0.0
tfidf_basis,0.0
tfidf_shake,0.0
tfidf_someone would,0.0
tfidf_slit,0.0
tfidf_smoking,0.0
tfidf_smoked,0.0
tfidf_smash,0.0
tfidf_autism,0.0
tfidf_smaller,0.0
tfidf_autistic,0.0
tfidf_slow,0.0
tfidf_slit wrists,0.0
tfidf_slipping,0.0
tfidf_skip,0.0
tfidf_slip,0.0
tfidf_slightest,0.0
tfidf_avoid,0.0
tfidf_sleeping pills,0.0
tfidf_avoiding,0.0
tfidf_awake,0.0
tfidf_sleep im,0.0
tfidf_sleep forever,0.0
tfidf_snap,0.0
tfidf_snapped,0.0
tfidf_snow,0.0
tfidf_sober,0.0
tfidf_attacks,0.0
tfidf_someone please,0.0
tfidf_someone love,0.0
tfidf_someone like,0.0
tfidf_someone im,0.0
tfidf_someone care,0.0
tfidf_attempted suicide,0.0
tfidf_attempting,0.0
tfidf_attempts,0.0
tfidf_solution,0.0
tfidf_solid man,0.0
tfidf_solid fish,0.0
tfidf_attend,0.0
tfidf_socialize,0.0
tfidf_social life,0.0
tfidf_social anxiety,0.0
tfidf_attitude,0.0
tfidf_sky,0.0
tfidf_awards,0.0
tfidf_shaking,0.0
tfidf_shit cant,0.0
tfidf_shotgun,0.0
tfidf_shot,0.0
tfidf_bad person,0.0
tfidf_shock,0.0
tfidf_shitty life,0.0
tfidf_bag,0.0
tfidf_shit together,0.0
tfidf_balls,0.0
tfidf_bar,0.0
tfidf_six months,0.0
tfidf_shirt,0.0
tfidf_shift,0.0
tfidf_bare,0.0
tfidf_shelter,0.0
tfidf_sharp,0.0
tfidf_shared,0.0
tfidf_shape,0.0
tfidf_shall,0.0
tfidf_bad im,0.0
tfidf_shoulders,0.0
tfidf_bad dont,0.0
tfidf_back mind,0.0
tfidf_aware,0.0
tfidf_sits,0.0
tfidf_site,0.0
tfidf_single one,0.0
tfidf_single day,0.0
tfidf_sing,0.0
tfidf_baby,0.0
tfidf_since cant,0.0
tfidf_since 12,0.0
tfidf_back dont,0.0
tfidf_simp,0.0
tfidf_back forth,0.0
tfidf_back home,0.0
tfidf_silence,0.0
tfidf_signs,0.0
tfidf_significant,0.0
tfidf_sick tired,0.0
tfidf_aspects,0.0
tfidf_already know,0.0
tfidf_sounded,0.0
tfidf_wed,0.0
tfidf_500,0.0
tfidf_4th,0.0
tfidf_45,0.0
tfidf_want hurt,0.0
tfidf_40,0.0
tfidf_3rd,0.0
tfidf_want leave,0.0
tfidf_38,0.0
tfidf_want nothing,0.0
tfidf_want pain,0.0
tfidf_want people,0.0
tfidf_want put,0.0
tfidf_want say,0.0
tfidf_want see,0.0
tfidf_want sleep,0.0
tfidf_want get,0.0
tfidf_want fucking,0.0
tfidf_want find,0.0
tfidf_want anyone,0.0
tfidf_911,0.0
tfidf_wanna play,0.0
tfidf_wanna talk,0.0
tfidf_90,0.0
tfidf_want alive,0.0
tfidf_8th grade,0.0
tfidf_want anything,0.0
tfidf_5th,0.0
tfidf_want around,0.0
tfidf_want burden,0.0
tfidf_want deal,0.0
tfidf_8th,0.0
tfidf_80,0.0
tfidf_6th,0.0
tfidf_want something,0.0
tfidf_want spend,0.0
tfidf_want tell,0.0
tfidf_way feel,0.0
tfidf_watched,0.0
tfidf_21,0.0
tfidf_20s,0.0
tfidf_water like,0.0
tfidf_2019,0.0
tfidf_waves,0.0
tfidf_way get,0.0
tfidf_wasting time,0.0
tfidf_way go,0.0
tfidf_way im,0.0
tfidf_way ive,0.0
tfidf_way want,0.0
tfidf_weak,0.0
tfidf_2017,0.0
tfidf_22,0.0
tfidf_wasted,0.0
tfidf_want work,0.0
tfidf_29,0.0
tfidf_32,0.0
tfidf_wanted die,0.0
tfidf_wanted get,0.0
tfidf_wanted go,0.0
tfidf_wanted kill,0.0
tfidf_300,0.0
tfidf_28,0.0
tfidf_25 years,0.0
tfidf_wants talk,0.0
tfidf_27,0.0
tfidf_ward,0.0
tfidf_wars,0.0
tfidf_wash,0.0
tfidf_26,0.0
tfidf_wanna die,0.0
tfidf_95,0.0
tfidf_99,0.0
tfidf_unemployed,0.0
tfidf_ultimately,0.0
tfidf_acquaintances,0.0
tfidf_uncomfortable,0.0
tfidf_acknowledge,0.0
tfidf_understand people,0.0
tfidf_understands,0.0
tfidf_unfair,0.0
tfidf_ugh,0.0
tfidf_unfortunately,0.0
tfidf_ungrateful,0.0
tfidf_unlike,0.0
tfidf_unstable,0.0
tfidf_unsure,0.0
tfidf_unwanted,0.0
tfidf_ultimate,0.0
tfidf_typing,0.0
tfidf_accomplish,0.0
tfidf_tv,0.0
tfidf_trying get,0.0
tfidf_trying help,0.0
tfidf_trying keep,0.0
tfidf_trying kill,0.0
tfidf_actually want,0.0
tfidf_acts,0.0
tfidf_twenty,0.0
tfidf_types,0.0
tfidf_actively,0.0
tfidf_two hours,0.0
tfidf_two months,0.0
tfidf_actions,0.0
tfidf_action,0.0
tfidf_acted,0.0
tfidf_update,0.0
tfidf_urge,0.0
tfidf_wall text,0.0
tfidf_able see,0.0
tfidf_videos,0.0
tfidf_violence,0.0
tfidf_violent,0.0
tfidf_virus,0.0
tfidf_abroad,0.0
tfidf_vodka,0.0
tfidf_void,0.0
tfidf_victim,0.0
tfidf_able make,0.0
tfidf_wage,0.0
tfidf_able afford,0.0
tfidf_ability,0.0
tfidf_abandoned,0.0
tfidf_walking,0.0
tfidf_absolute,0.0
tfidf_via,0.0
tfidf_urges,0.0
tfidf_uwu,0.0
tfidf_useful,0.0
tfidf_uses,0.0
tfidf_accepted,0.0
tfidf_usual,0.0
tfidf_utter,0.0
tfidf_utterly,0.0
tfidf_uwu uwu,0.0
tfidf_absolutely nothing,0.0
tfidf_academic,0.0
tfidf_valentines,0.0
tfidf_abusing,0.0
tfidf_abused,0.0
tfidf_venting,0.0
tfidf_verbally,0.0
tfidf_200,0.0
tfidf_wedding,0.0
tfidf_sounds,0.0
tfidf_weed,0.0
tfidf_would tell,0.0
tfidf_would think,0.0
tfidf_would try,0.0
tfidf_010100,0.0
tfidf_01010 01101,0.0
tfidf_wouldnt able,0.0
tfidf_wouldnt want,0.0
tfidf_wow,0.0
tfidf_wreck,0.0
tfidf_wrist,0.0
tfidf_01010,0.0
tfidf_0101,0.0
tfidf_010011,0.0
tfidf_written,0.0
tfidf_010010 01101,0.0
tfidf_would take,0.0
tfidf_would still,0.0
tfidf_would probably,0.0
tfidf_would ever,0.0
tfidf_011001,0.0
tfidf_would always,0.0
tfidf_would care,0.0
tfidf_would come,0.0
tfidf_would end,0.0
tfidf_010101 0010,0.0
tfidf_would get,0.0
tfidf_010100 01101,0.0
tfidf_would go,0.0
tfidf_010101,0.0
tfidf_would hurt,0.0
tfidf_would kill,0.0
tfidf_would love,0.0
tfidf_would miss,0.0
tfidf_010010,0.0
tfidf_wtf,0.0
tfidf_xanax,0.0
tfidf_0010 010100,0.0
tfidf_0010 011010,0.0
tfidf_0010 01101,0.0
tfidf_0010 011001,0.0
tfidf_yet dont,0.0
tfidf_yet im,0.0
tfidf_yet still,0.0
tfidf_youd,0.0
tfidf_years years,0.0
tfidf_young age,0.0
tfidf_0010 0101,0.0
tfidf_youth,0.0
tfidf_0010 010011,0.0
tfidf_0010,0.0
tfidf_zombie,0.0
tfidf_yell,0.0
tfidf_years since,0.0
tfidf_01001 0010,0.0
tfidf_year half,0.0
tfidf_01001,0.0
tfidf_yay,0.0
tfidf_010,0.0
tfidf_01,0.0
tfidf_00101100 0010,0.0
tfidf_00101100,0.0
tfidf_year im,0.0
tfidf_0010 01101010,0.0
tfidf_year ive,0.0
tfidf_0010 01101101,0.0
tfidf_0010 011011,0.0
tfidf_years dont,0.0
tfidf_years ive,0.0
tfidf_years life,0.0
tfidf_011001 0010,0.0
tfidf_worth living,0.0
tfidf_01100100,0.0
tfidf_01101011 0010,0.0
tfidf_01101100 01100101,0.0
tfidf_whats wrong,0.0
tfidf_01101100,0.0
tfidf_whilst,0.0
tfidf_011011,0.0
tfidf_01101011 01101,0.0
tfidf_01101011,0.0
tfidf_whatever want,0.0
tfidf_01101010,0.0
tfidf_01101001 01100101,0.0
tfidf_01101001,0.0
tfidf_whose,0.0
tfidf_011010 01101001,0.0
tfidf_willing,0.0
tfidf_01101101,0.0
tfidf_01101101 01101,0.0
tfidf_wind,0.0
tfidf_15 years,0.0
tfidf_18th,0.0
tfidf_week ago,0.0
tfidf_week im,0.0
tfidf_18 years,0.0
tfidf_17 years,0.0
tfidf_16 years,0.0
tfidf_welcome,0.0
tfidf_10 years,0.0
tfidf_13 years,0.0
tfidf_well dont,0.0
tfidf_well im,0.0
tfidf_12 years,0.0
tfidf_went back,0.0
tfidf_wet,0.0
tfidf_011010 01101,0.0
tfidf_011010 01100101,0.0
tfidf_01100101,0.0
tfidf_work im,0.0
tfidf_01101 010100,0.0
tfidf_word word,0.0
tfidf_01101 01010,0.0
tfidf_01101 010010,0.0
tfidf_work cant,0.0
tfidf_work hard,0.0
tfidf_01101 0010,0.0
tfidf_wont stop,0.0
tfidf_01101,0.0
tfidf_01100101 010010,0.0
tfidf_worries,0.0
tfidf_worrying,0.0
tfidf_01100101 0010,0.0
tfidf_worse im,0.0
tfidf_woods,0.0
tfidf_wont go,0.0
tfidf_011010 0010,0.0
tfidf_011010,0.0
tfidf_wish didnt,0.0
tfidf_wish luck,0.0
tfidf_wish someone,0.0
tfidf_wish wasnt,0.0
tfidf_wishes,0.0
tfidf_within,0.0
tfidf_without feeling,0.0
tfidf_wont ever,0.0
tfidf_01101 01101101,0.0
tfidf_01101 01101011,0.0
tfidf_wonder,0.0
tfidf_01101 011010,0.0
tfidf_wont able,0.0
tfidf_wont even,0.0
tfidf_trying find,0.0
tfidf_try talk,0.0
tfidf_try help,0.0
tfidf_addict,0.0
tfidf_anyone dont,0.0
tfidf_surface,0.0
tfidf_anymoreim,0.0
tfidf_survived,0.0
tfidf_surviving,0.0
tfidf_swag swag,0.0
tfidf_sweet,0.0
tfidf_syndrome,0.0
tfidf_anymore feel,0.0
tfidf_systems,0.0
tfidf_anymore even,0.0
tfidf_take anymore,0.0
tfidf_anybody else,0.0
tfidf_take time,0.0
tfidf_taken,0.0
tfidf_anyone im,0.0
tfidf_suppose,0.0
tfidf_supported,0.0
tfidf_suicidal since,0.0
tfidf_sucked,0.0
tfidf_anything ive,0.0
tfidf_sudden,0.0
tfidf_suffered,0.0
tfidf_anything even,0.0
tfidf_suicidal ideation,0.0
tfidf_suicide attempt,0.0
tfidf_anyone talk,0.0
tfidf_suicide attempts,0.0
tfidf_suicide dont,0.0
tfidf_suicide hotline,0.0
tfidf_suicide im,0.0
tfidf_suicide would,0.0
tfidf_anyone would,0.0
tfidf_antidepressants,0.0
tfidf_taking care,0.0
tfidf_taking time,0.0
tfidf_terribly,0.0
tfidf_amp,0.0
tfidf_temporary,0.0
tfidf_ten,0.0
tfidf_tend,0.0
tfidf_amount time,0.0
tfidf_terrible person,0.0
tfidf_terrifying,0.0
tfidf_ampx200b ampx200b,0.0
tfidf_texted,0.0
tfidf_america,0.0
tfidf_ambulance,0.0
tfidf_thank reading,0.0
tfidf_thankfully,0.0
tfidf_thanks reading,0.0
tfidf_telling im,0.0
tfidf_tell anyone,0.0
tfidf_talents,0.0
tfidf_another year,0.0
tfidf_talk anything,0.0
tfidf_talk dont,0.0
tfidf_talk someone,0.0
tfidf_tall,0.0
tfidf_task,0.0
tfidf_tasks,0.0
tfidf_another person,0.0
tfidf_anniversary,0.0
tfidf_another one,0.0
tfidf_another job,0.0
tfidf_another guy,0.0
tfidf_another day,0.0
tfidf_anonymous,0.0
tfidf_annoyed,0.0
tfidf_anything life,0.0
tfidf_succeed,0.0
tfidf_anything like,0.0
tfidf_stay alive,0.0
tfidf_stare,0.0
tfidf_started get,0.0
tfidf_arguments,0.0
tfidf_starving,0.0
tfidf_states,0.0
tfidf_status,0.0
tfidf_stay home,0.0
tfidf_around house,0.0
tfidf_april,0.0
tfidf_steal,0.0
tfidf_approach,0.0
tfidf_stepdad,0.0
tfidf_stick,0.0
tfidf_still alive,0.0
tfidf_star,0.0
tfidf_stage,0.0
tfidf_still live,0.0
tfidf_speech,0.0
tfidf_source,0.0
tfidf_spanish,0.0
tfidf_speak,0.0
tfidf_asking im,0.0
tfidf_ashamed,0.0
tfidf_specifically,0.0
tfidf_art,0.0
tfidf_stable,0.0
tfidf_arrested,0.0
tfidf_around time,0.0
tfidf_spiraling,0.0
tfidf_around people,0.0
tfidf_spring,0.0
tfidf_stab,0.0
tfidf_still get,0.0
tfidf_still love,0.0
tfidf_anything really,0.0
tfidf_struggles,0.0
tfidf_apathetic,0.0
tfidf_strict,0.0
tfidf_stronger,0.0
tfidf_strongly,0.0
tfidf_struggle,0.0
tfidf_struggled,0.0
tfidf_studied,0.0
tfidf_streets,0.0
tfidf_studies,0.0
tfidf_anyways im,0.0
tfidf_anyway im,0.0
tfidf_anytime,0.0
tfidf_anything want,0.0
tfidf_style,0.0
tfidf_apologize,0.0
tfidf_straw,0.0
tfidf_still think,0.0
tfidf_stopped taking,0.0
tfidf_still want,0.0
tfidf_stop crying,0.0
tfidf_stop feeling,0.0
tfidf_stop talking,0.0
tfidf_stop thinking,0.0
tfidf_stopped,0.0
tfidf_stopped talking,0.0
tfidf_strangers,0.0
tfidf_stopping,0.0
tfidf_stops,0.0
tfidf_store,0.0
tfidf_applied,0.0
tfidf_strange,0.0
tfidf_stranger,0.0
tfidf_thanos,0.0
tfidf_thatll,0.0
tfidf_thats good,0.0
tfidf_afterwards,0.0
tfidf_ago im,0.0
tfidf_tired dont,0.0
tfidf_tired trying,0.0
tfidf_tired want,0.0
tfidf_tiring,0.0
tfidf_age,0.0
tfidf_afternoon,0.0
tfidf_times im,0.0
tfidf_afterlife,0.0
tfidf_toilet,0.0
tfidf_told anyone,0.0
tfidf_told parents,0.0
tfidf_told wanted,0.0
tfidf_told would,0.0
tfidf_times ive,0.0
tfidf_times day,0.0
tfidf_ton,0.0
tfidf_time go,0.0
tfidf_tight,0.0
tfidf_aint,0.0
tfidf_till,0.0
tfidf_aid,0.0
tfidf_time ago,0.0
tfidf_time even,0.0
tfidf_time got,0.0
tfidf_time went,0.0
tfidf_time ive,0.0
tfidf_time people,0.0
tfidf_time really,0.0
tfidf_time thought,0.0
tfidf_time tried,0.0
tfidf_time try,0.0
tfidf_affection,0.0
tfidf_affecting,0.0
tfidf_tie,0.0
tfidf_tried make,0.0
tfidf_treats,0.0
tfidf_tree,0.0
tfidf_adhd,0.0
tfidf_tried everything,0.0
tfidf_tried get,0.0
tfidf_tried hard,0.0
tfidf_tried talking,0.0
tfidf_treated like,0.0
tfidf_triggered,0.0
tfidf_trip,0.0
tfidf_trusted,0.0
tfidf_addicted,0.0
tfidf_try best,0.0
tfidf_try find,0.0
tfidf_treatment,0.0
tfidf_treated,0.0
tfidf_tonight im,0.0
tfidf_toward,0.0
tfidf_affected,0.0
tfidf_affect,0.0
tfidf_af,0.0
tfidf_torn,0.0
tfidf_torture,0.0
tfidf_advantage,0.0
tfidf_advance,0.0
tfidf_treat like,0.0
tfidf_town,0.0
tfidf_track,0.0
tfidf_traffic,0.0
tfidf_trash,0.0
tfidf_admitted,0.0
tfidf_traumatic,0.0
tfidf_tied,0.0
tfidf_thrown,0.0
tfidf_thats want,0.0
tfidf_things started,0.0
tfidf_things could,0.0
tfidf_things happen,0.0
tfidf_bi,0.0
tfidf_things im,0.0
tfidf_things life,0.0
tfidf_things people,0.0
tfidf_things want,0.0
tfidf_also feel,0.0
tfidf_things worse,0.0
tfidf_alone one,0.0
tfidf_think anything,0.0
tfidf_think dont,0.0
tfidf_think id,0.0
tfidf_think killing,0.0
tfidf_things cant,0.0
tfidf_also im,0.0
tfidf_think might,0.0
tfidf_theres something,0.0
tfidf_always told,0.0
tfidf_therapists,0.0
tfidf_always thought,0.0
tfidf_always say,0.0
tfidf_theres nothing,0.0
tfidf_theres point,0.0
tfidf_theyre going,0.0
tfidf_thing stopping,0.0
tfidf_always feel,0.0
tfidf_always end,0.0
tfidf_thing ever,0.0
tfidf_thing im,0.0
tfidf_thing ive,0.0
tfidf_thing life,0.0
tfidf_think like,0.0
tfidf_think much,0.0
tfidf_throwing,0.0
tfidf_thread,0.0
tfidf_thought maybe,0.0
tfidf_thought suicide,0.0
tfidf_alcoholic,0.0
tfidf_thoughts dont,0.0
tfidf_thoughts suicide,0.0
tfidf_thousands,0.0
tfidf_threaten,0.0
tfidf_thought going,0.0
tfidf_three,0.0
tfidf_three days,0.0
tfidf_threw,0.0
tfidf_throughout,0.0
tfidf_throw away,0.0
tfidf_throwaway,0.0
tfidf_thought killing,0.0
tfidf_thought could,0.0
tfidf_almost years,0.0
tfidf_think want,0.0
tfidf_think one,0.0
tfidf_think people,0.0
tfidf_think really,0.0
tfidf_think suicide,0.0
tfidf_think theres,0.0
tfidf_think time,0.0
tfidf_think would,0.0
tfidf_alive anymore,0.0
tfidf_almost year,0.0
tfidf_thinking ending,0.0
tfidf_thinking killing,0.0
tfidf_thinks im,0.0
tfidf_alive im,0.0
tfidf_alive dont,0.0
tfidf_robot,0.0
tfidf_caught,0.0
tfidf_bidenjoe,0.0
tfidf_im lazy,0.0
tfidf_doesnt help,0.0
tfidf_doesnt feel,0.0
tfidf_im dont,0.0
tfidf_im extremely,0.0
tfidf_im failure,0.0
tfidf_doc,0.0
tfidf_divorced,0.0
tfidf_im gay,0.0
tfidf_im giving,0.0
tfidf_im gone,0.0
tfidf_distant,0.0
tfidf_im good,0.0
tfidf_im home,0.0
tfidf_im honestly,0.0
tfidf_im hoping,0.0
tfidf_im hurting,0.0
tfidf_im im,0.0
tfidf_im dead,0.0
tfidf_im constantly,0.0
tfidf_im confused,0.0
tfidf_im ashamed,0.0
tfidf_doesnt work,0.0
tfidf_im alive,0.0
tfidf_im allowed,0.0
tfidf_im almost,0.0
tfidf_doesnt want,0.0
tfidf_im also,0.0
tfidf_doesnt seem,0.0
tfidf_im asking,0.0
tfidf_im completely,0.0
tfidf_im back,0.0
tfidf_im barely,0.0
tfidf_doesnt really,0.0
tfidf_doesnt like,0.0
tfidf_im broken,0.0
tfidf_im burden,0.0
tfidf_im close,0.0
tfidf_im kind,0.0
tfidf_im left,0.0
tfidf_hes going,0.0
tfidf_disorders,0.0
tfidf_im stuck,0.0
tfidf_discovered,0.0
tfidf_disconnected,0.0
tfidf_disappointment,0.0
tfidf_disappeared,0.0
tfidf_im trapped,0.0
tfidf_disappear,0.0
tfidf_im useless,0.0
tfidf_im weak,0.0
tfidf_disabled,0.0
tfidf_im worth,0.0
tfidf_im writing,0.0
tfidf_im young,0.0
tfidf_disability,0.0
tfidf_images,0.0
tfidf_immediate,0.0
tfidf_impact,0.0
tfidf_im struggling,0.0
tfidf_im strong,0.0
tfidf_discuss,0.0
tfidf_im one,0.0
tfidf_im losing,0.0
tfidf_im lucky,0.0
tfidf_im miserable,0.0
tfidf_im mistake,0.0
tfidf_im never,0.0
tfidf_im nothing,0.0
tfidf_im okay,0.0
tfidf_im planning,0.0
tfidf_im smart,0.0
tfidf_im quite,0.0
tfidf_im right,0.0
tfidf_im seeing,0.0
tfidf_im selfish,0.0
tfidf_disease,0.0
tfidf_im sitting,0.0
tfidf_im slowly,0.0
tfidf_im able,0.0
tfidf_im 22,0.0
tfidf_im 21,0.0
tfidf_im 20,0.0
tfidf_homophobic,0.0
tfidf_honestly feel,0.0
tfidf_honestly im,0.0
tfidf_dont try,0.0
tfidf_hoped,0.0
tfidf_dont tell,0.0
tfidf_dont seem,0.0
tfidf_horrible person,0.0
tfidf_dont see,0.0
tfidf_hospitalized,0.0
tfidf_hospitals,0.0
tfidf_dont remember,0.0
tfidf_hotlines,0.0
tfidf_dont money,0.0
tfidf_hours ago,0.0
tfidf_hours day,0.0
tfidf_hours later,0.0
tfidf_home im,0.0
tfidf_dont work,0.0
tfidf_holy shit,0.0
tfidf_hire,0.0
tfidf_hey im,0.0
tfidf_downward,0.0
tfidf_hiding,0.0
tfidf_downstairs,0.0
tfidf_downs,0.0
tfidf_higher,0.0
tfidf_highly,0.0
tfidf_hitting,0.0
tfidf_dorm,0.0
tfidf_hmu,0.0
tfidf_hobby,0.0
tfidf_holding,0.0
tfidf_holds,0.0
tfidf_holiday,0.0
tfidf_holidays,0.0
tfidf_hollow,0.0
tfidf_hours week,0.0
tfidf_household,0.0
tfidf_dont live,0.0
tfidf_ill probably,0.0
tfidf_ignoring,0.0
tfidf_done life,0.0
tfidf_ill able,0.0
tfidf_ill always,0.0
tfidf_ill end,0.0
tfidf_ill make,0.0
tfidf_ill never,0.0
tfidf_ill try,0.0
tfidf_ignorant,0.0
tfidf_illegal,0.0
tfidf_illnesses,0.0
tfidf_done dont,0.0
tfidf_done anything,0.0
tfidf_doi,0.0
tfidf_im 18,0.0
tfidf_dogs,0.0
tfidf_dont anyone,0.0
tfidf_ig,0.0
tfidf_dont job,0.0
tfidf_dont friends,0.0
tfidf_humans,0.0
tfidf_hundred,0.0
tfidf_dont fucking,0.0
tfidf_hurt anyone,0.0
tfidf_hurt family,0.0
tfidf_hurt im,0.0
tfidf_hurt much,0.0
tfidf_husband,0.0
tfidf_dont anything,0.0
tfidf_dont enjoy,0.0
tfidf_id get,0.0
tfidf_dont energy,0.0
tfidf_id never,0.0
tfidf_dont blame,0.0
tfidf_identity,0.0
tfidf_dont believe,0.0
tfidf_impossible,0.0
tfidf_inability,0.0
tfidf_directly,0.0
tfidf_kinds,0.0
tfidf_know long,0.0
tfidf_know love,0.0
tfidf_know never,0.0
tfidf_know one,0.0
tfidf_depression cant,0.0
tfidf_depression anxiety,0.0
tfidf_know sounds,0.0
tfidf_know start,0.0
tfidf_know talk,0.0
tfidf_know tell,0.0
tfidf_know theres,0.0
tfidf_know things,0.0
tfidf_dependent,0.0
tfidf_know want,0.0
tfidf_know wont,0.0
tfidf_know would,0.0
tfidf_delete,0.0
tfidf_know live,0.0
tfidf_depression dont,0.0
tfidf_know ill,0.0
tfidf_depression im,0.0
tfidf_kissed,0.0
tfidf_depression life,0.0
tfidf_knew would,0.0
tfidf_knocked,0.0
tfidf_depression ive,0.0
tfidf_know anymore,0.0
tfidf_know anyone,0.0
tfidf_know depression,0.0
tfidf_know help,0.0
tfidf_know dont,0.0
tfidf_know else,0.0
tfidf_know even,0.0
tfidf_know fact,0.0
tfidf_depression feel,0.0
tfidf_know go,0.0
tfidf_know going,0.0
tfidf_lady,0.0
tfidf_laptop,0.0
tfidf_deeply,0.0
tfidf_legs,0.0
tfidf_leave alone,0.0
tfidf_led,0.0
tfidf_left im,0.0
tfidf_leg,0.0
tfidf_legal,0.0
tfidf_legally,0.0
tfidf_legit,0.0
tfidf_length,0.0
tfidf_learning,0.0
tfidf_lesbian,0.0
tfidf_dealt,0.0
tfidf_dealing,0.0
tfidf_lessons,0.0
tfidf_dead end,0.0
tfidf_let get,0.0
tfidf_let go,0.0
tfidf_death would,0.0
tfidf_learned,0.0
tfidf_last day,0.0
tfidf_lately,0.0
tfidf_last one,0.0
tfidf_last post,0.0
tfidf_last two,0.0
tfidf_last week,0.0
tfidf_december,0.0
tfidf_last years,0.0
tfidf_lasted,0.0
tfidf_decades,0.0
tfidf_debate,0.0
tfidf_latter,0.0
tfidf_laughed,0.0
tfidf_law,0.0
tfidf_decade,0.0
tfidf_lead,0.0
tfidf_leads,0.0
tfidf_debt,0.0
tfidf_king,0.0
tfidf_kindness,0.0
tfidf_incident,0.0
tfidf_depression since,0.0
tfidf_interview,0.0
tfidf_invisible,0.0
tfidf_invite,0.0
tfidf_invited,0.0
tfidf_irrational,0.0
tfidf_didnt think,0.0
tfidf_isnt worth,0.0
tfidf_isolated,0.0
tfidf_didnt tell,0.0
tfidf_didnt make,0.0
tfidf_didnt like,0.0
tfidf_iv,0.0
tfidf_ive come,0.0
tfidf_ive decided,0.0
tfidf_ive depression,0.0
tfidf_didnt help,0.0
tfidf_ive feeling,0.0
tfidf_interests,0.0
tfidf_didnt work,0.0
tfidf_die alone,0.0
tfidf_die dont,0.0
tfidf_increasingly,0.0
tfidf_independent,0.0
tfidf_individual,0.0
tfidf_inevitable,0.0
tfidf_info,0.0
tfidf_differently,0.0
tfidf_die ive,0.0
tfidf_instantly,0.0
tfidf_interest,0.0
tfidf_die cant,0.0
tfidf_insult,0.0
tfidf_intelligence,0.0
tfidf_intelligent,0.0
tfidf_intense,0.0
tfidf_interact,0.0
tfidf_interaction,0.0
tfidf_ive felt,0.0
tfidf_ive given,0.0
tfidf_ive gone,0.0
tfidf_kept going,0.0
tfidf_keep getting,0.0
tfidf_keep short,0.0
tfidf_keep thinking,0.0
tfidf_keep trying,0.0
tfidf_despair,0.0
tfidf_keeping alive,0.0
tfidf_desire,0.0
tfidf_deserves,0.0
tfidf_june,0.0
tfidf_kick,0.0
tfidf_deserved,0.0
tfidf_desert,0.0
tfidf_kill cant,0.0
tfidf_depressive,0.0
tfidf_depression years,0.0
tfidf_kills,0.0
tfidf_despise,0.0
tfidf_jumping,0.0
tfidf_ive spent,0.0
tfidf_develop,0.0
tfidf_diagnosis,0.0
tfidf_ive talked,0.0
tfidf_ive thinking,0.0
tfidf_ive thought,0.0
tfidf_ive told,0.0
tfidf_diagnosed depression,0.0
tfidf_jail,0.0
tfidf_devastated,0.0
tfidf_destined,0.0
tfidf_job dont,0.0
tfidf_job im,0.0
tfidf_details,0.0
tfidf_joking,0.0
tfidf_journey,0.0
tfidf_destructive,0.0
tfidf_july,0.0
tfidf_hey guys,0.0
tfidf_drag,0.0
tfidf_days ive,0.0
tfidf_friends people,0.0
tfidf_fourth,0.0
tfidf_fr,0.0
tfidf_every morning,0.0
tfidf_freaking,0.0
tfidf_freedom,0.0
tfidf_ever want,0.0
tfidf_frequently,0.0
tfidf_freshman year,0.0
tfidf_ever get,0.0
tfidf_ever feel,0.0
tfidf_ever done,0.0
tfidf_friendly,0.0
tfidf_friends anymore,0.0
tfidf_friends even,0.0
tfidf_evening,0.0
tfidf_friends friends,0.0
tfidf_friends know,0.0
tfidf_fought,0.0
tfidf_forth,0.0
tfidf_forms,0.0
tfidf_folks,0.0
tfidf_everyone thinks,0.0
tfidf_fish solid,0.0
tfidf_everyone says,0.0
tfidf_five,0.0
tfidf_five years,0.0
tfidf_fixed,0.0
tfidf_flat,0.0
tfidf_fool,0.0
tfidf_every second,0.0
tfidf_everyone hates,0.0
tfidf_everyone else,0.0
tfidf_forcing,0.0
tfidf_everyone around,0.0
tfidf_forgive,0.0
tfidf_every week,0.0
tfidf_forgotten,0.0
tfidf_even worse,0.0
tfidf_friends school,0.0
tfidf_heroin,0.0
tfidf_friends talk,0.0
tfidf_even say,0.0
tfidf_even remember,0.0
tfidf_gamer,0.0
tfidf_garbage,0.0
tfidf_gas,0.0
tfidf_even im,0.0
tfidf_genuine,0.0
tfidf_even feel,0.0
tfidf_get along,0.0
tfidf_get angry,0.0
tfidf_get back,0.0
tfidf_even depression,0.0
tfidf_even care,0.0
tfidf_get close,0.0
tfidf_get depression,0.0
tfidf_eve eve,0.0
tfidf_europe,0.0
tfidf_funeral,0.0
tfidf_functioning,0.0
tfidf_fucking tired,0.0
tfidf_fuck dont,0.0
tfidf_friends would,0.0
tfidf_friendship,0.0
tfidf_frogg,0.0
tfidf_frogg frogg,0.0
tfidf_frustrating,0.0
tfidf_even want,0.0
tfidf_fuck brice,0.0
tfidf_fuck everything,0.0
tfidf_fucking stupid,0.0
tfidf_fuck life,0.0
tfidf_even try,0.0
tfidf_fuckin,0.0
tfidf_even tho,0.0
tfidf_fucking done,0.0
tfidf_fucking kill,0.0
tfidf_fucking life,0.0
tfidf_everything cant,0.0
tfidf_everything could,0.0
tfidf_fired,0.0
tfidf_fingers,0.0
tfidf_express,0.0
tfidf_favourite,0.0
tfidf_fears,0.0
tfidf_explained,0.0
tfidf_experiencing,0.0
tfidf_feel anything,0.0
tfidf_experiences,0.0
tfidf_feel empty,0.0
tfidf_feel even,0.0
tfidf_experienced,0.0
tfidf_feel fucking,0.0
tfidf_expensive,0.0
tfidf_feel guilty,0.0
tfidf_feel happy,0.0
tfidf_feel hopeless,0.0
tfidf_feel im,0.0
tfidf_feel lonely,0.0
tfidf_favor,0.0
tfidf_extent,0.0
tfidf_fate,0.0
tfidf_family doesnt,0.0
tfidf_failures,0.0
tfidf_fade,0.0
tfidf_fall asleep,0.0
tfidf_fall love,0.0
tfidf_facts,0.0
tfidf_false,0.0
tfidf_families,0.0
tfidf_family dont,0.0
tfidf_faster,0.0
tfidf_family friends,0.0
tfidf_family members,0.0
tfidf_family would,0.0
tfidf_facing,0.0
tfidf_fantasize,0.0
tfidf_fantasy,0.0
tfidf_eye,0.0
tfidf_feel lost,0.0
tfidf_feel much,0.0
tfidf_expected,0.0
tfidf_financially,0.0
tfidf_evidence,0.0
tfidf_fights,0.0
tfidf_everytime,0.0
tfidf_filer,0.0
tfidf_everything would,0.0
tfidf_everything want,0.0
tfidf_finally got,0.0
tfidf_everything life,0.0
tfidf_field,0.0
tfidf_find anything,0.0
tfidf_find job,0.0
tfidf_find reason,0.0
tfidf_everything im,0.0
tfidf_find something,0.0
tfidf_everything going,0.0
tfidf_everything else,0.0
tfidf_evil,0.0
tfidf_fiance,0.0
tfidf_exists,0.0
tfidf_feel worthless,0.0
tfidf_feel sick,0.0
tfidf_feel something,0.0
tfidf_feel stupid,0.0
tfidf_feel suicidal,0.0
tfidf_feel though,0.0
tfidf_feel trapped,0.0
tfidf_feel way,0.0
tfidf_existed,0.0
tfidf_felt way,0.0
tfidf_feeling suicidal,0.0
tfidf_feeling way,0.0
tfidf_exhausted,0.0
tfidf_feels good,0.0
tfidf_feet,0.0
tfidf_excited,0.0
tfidf_fell love,0.0
tfidf_eternity,0.0
tfidf_get head,0.0
tfidf_get hurt,0.0
tfidf_grandfather,0.0
tfidf_eating disorder,0.0
tfidf_easy way,0.0
tfidf_habits,0.0
tfidf_easiest,0.0
tfidf_ease,0.0
tfidf_halfway,0.0
tfidf_ears,0.0
tfidf_ear,0.0
tfidf_dumped,0.0
tfidf_dull,0.0
tfidf_dry,0.0
tfidf_happiest,0.0
tfidf_drowning,0.0
tfidf_drown,0.0
tfidf_happy anymore,0.0
tfidf_happy dont,0.0
tfidf_happy life,0.0
tfidf_edge,0.0
tfidf_guts,0.0
tfidf_guns,0.0
tfidf_grief,0.0
tfidf_elementary,0.0
tfidf_grateful,0.0
tfidf_greater,0.0
tfidf_greatest,0.0
tfidf_greatly,0.0
tfidf_efforts,0.0
tfidf_grew,0.0
tfidf_gross,0.0
tfidf_effect,0.0
tfidf_effort,0.0
tfidf_effects,0.0
tfidf_growing,0.0
tfidf_grown,0.0
tfidf_gtpoplt,0.0
tfidf_gtpoplt gtpoplt,0.0
tfidf_effective,0.0
tfidf_dropping,0.0
tfidf_hard find,0.0
tfidf_hard get,0.0
tfidf_help dont,0.0
tfidf_drift,0.0
tfidf_heavy,0.0
tfidf_heck,0.0
tfidf_drank,0.0
tfidf_dramatic,0.0
tfidf_drama,0.0
tfidf_help cant,0.0
tfidf_help get,0.0
tfidf_health issues,0.0
tfidf_help help,0.0
tfidf_help need,0.0
tfidf_help please,0.0
tfidf_help want,0.0
tfidf_helpful,0.0
tfidf_helpless,0.0
tfidf_drain,0.0
tfidf_health problems,0.0
tfidf_drinking,0.0
tfidf_hard try,0.0
tfidf_hated,0.0
tfidf_harming,0.0
tfidf_harsh,0.0
tfidf_hate dont,0.0
tfidf_hate every,0.0
tfidf_hate fact,0.0
tfidf_hate hate,0.0
tfidf_drives,0.0
tfidf_hates,0.0
tfidf_heal,0.0
tfidf_hatred,0.0
tfidf_driver,0.0
tfidf_havent able,0.0
tfidf_havent done,0.0
tfidf_havent felt,0.0
tfidf_head get,0.0
tfidf_headaches,0.0
tfidf_grandmother,0.0
tfidf_grand,0.0
tfidf_etc etc,0.0
tfidf_graduation,0.0
tfidf_give reason,0.0
tfidf_enough money,0.0
tfidf_glass,0.0
tfidf_go anywhere,0.0
tfidf_go college,0.0
tfidf_go get,0.0
tfidf_go hospital,0.0
tfidf_go im,0.0
tfidf_go ive,0.0
tfidf_go like,0.0
tfidf_go see,0.0
tfidf_enjoy life,0.0
tfidf_go work,0.0
tfidf_engineering,0.0
tfidf_goals,0.0
tfidf_endure,0.0
tfidf_god damn,0.0
tfidf_give advice,0.0
tfidf_entered,0.0
tfidf_environment,0.0
tfidf_essentially,0.0
tfidf_get married,0.0
tfidf_get really,0.0
tfidf_get rid,0.0
tfidf_get see,0.0
tfidf_get work,0.0
tfidf_get worse,0.0
tfidf_esteem,0.0
tfidf_gets worse,0.0
tfidf_girl like,0.0
tfidf_essay,0.0
tfidf_getting back,0.0
tfidf_er,0.0
tfidf_episodes,0.0
tfidf_gift,0.0
tfidf_gifts,0.0
tfidf_girl ive,0.0
tfidf_god im,0.0
tfidf_going die,0.0
tfidf_going get,0.0
tfidf_got worse,0.0
tfidf_emotional,0.0
tfidf_got bad,0.0
tfidf_got better,0.0
tfidf_got home,0.0
tfidf_got job,0.0
tfidf_emergency,0.0
tfidf_got nothing,0.0
tfidf_embarrassment,0.0
tfidf_emotionally,0.0
tfidf_gotten point,0.0
tfidf_gpa,0.0
tfidf_grab,0.0
tfidf_else im,0.0
tfidf_graduate,0.0
tfidf_graduated,0.0
tfidf_graduating,0.0
tfidf_good time,0.0
tfidf_good reason,0.0
tfidf_going happen,0.0
tfidf_gone im,0.0
tfidf_going life,0.0
tfidf_going make,0.0
tfidf_going school,0.0
tfidf_going take,0.0
tfidf_going try,0.0
tfidf_going well,0.0
tfidf_end dont,0.0
tfidf_gonna give,0.0
tfidf_good life,0.0
tfidf_gonna kill,0.0
tfidf_gonna make,0.0
tfidf_empathy,0.0
tfidf_good enough,0.0
tfidf_good friend,0.0
tfidf_good friends,0.0
tfidf_good job,0.0
tfidf_days later,0.0
tfidf_letter,0.0
tfidf_rly,0.0
tfidf_cant seem,0.0
tfidf_cant tell,0.0
tfidf_people know,0.0
tfidf_people like,0.0
tfidf_people love,0.0
tfidf_people really,0.0
tfidf_people still,0.0
tfidf_people tell,0.0
tfidf_people want,0.0
tfidf_cant talk,0.0
tfidf_peoples,0.0
tfidf_cant stop,0.0
tfidf_perfectly,0.0
tfidf_perhaps,0.0
tfidf_permanently,0.0
tfidf_person dont,0.0
tfidf_cant sleep,0.0
tfidf_personal,0.0
tfidf_people happy,0.0
tfidf_people get,0.0
tfidf_people even,0.0
tfidf_peepeepeepeepeepeepeepeepeepeepeepeepeepeepeepeepeepeepeepeepeepeepeepeepeepeepeepeepeepeepeepeepeepeepeepeepeepeepeepeepeepeepeepeepeepeepeepeepeepeepeepeepeepeepeepeepeepeepeepeepeepeepeepeepeepeepeepee,0.0
tfidf_pay bills,0.0
tfidf_paycheck,0.0
tfidf_card,0.0
tfidf_car accident,0.0
tfidf_peaceful,0.0
tfidf_pedophile,0.0
tfidf_pee,0.0
tfidf_peepeepeepeepeepeepeepeepeepeepeepeepeepeepeepeepeepeepeepeepeepeepeepeepeepeepeepeepeepeepeepeepeepeepeepeepeepeepeepeepeepeepeepeepeepeepeepeepeepeepeepeepeepeepeepeepeepeepeepeepeepeepeepeepeepeepeepee peepeepeepeepeepeepeepeepeepeepeepeepeepeepeepeepeepeepeepeepeepeepeepeepeepeepeepeepeepeepeepeepeepeepeepeepeepeepeepeepeepeepeepeepeepeepeepeepeepeepeepeepeepeepeepeepeepeepeepeepeepeepeepeepeepeepeepee,0.0
tfidf_cant think,0.0
tfidf_peers,0.0
tfidf_penetrates,0.0
tfidf_penetrates water,0.0
tfidf_penis,0.0
tfidf_people actually,0.0
tfidf_people around,0.0
tfidf_people could,0.0
tfidf_personality disorder,0.0
tfidf_perspective,0.0
tfidf_cheap,0.0
tfidf_pet,0.0
tfidf_cant im,0.0
tfidf_cant go,0.0
tfidf_plastic,0.0
tfidf_cant fucking,0.0
tfidf_cant focus,0.0
tfidf_playing video,0.0
tfidf_playlist,0.0
tfidf_cant find,0.0
tfidf_cant feel,0.0
tfidf_cant dont,0.0
tfidf_please let,0.0
tfidf_please please,0.0
tfidf_cant deal,0.0
tfidf_plenty,0.0
tfidf_plz,0.0
tfidf_pm,0.0
tfidf_poem,0.0
tfidf_cant leave,0.0
tfidf_place im,0.0
tfidf_pizza,0.0
tfidf_physically mentally,0.0
tfidf_pets,0.0
tfidf_petty,0.0
tfidf_phase,0.0
tfidf_cant see,0.0
tfidf_photo,0.0
tfidf_physical,0.0
tfidf_physically,0.0
tfidf_pic,0.0
tfidf_pit,0.0
tfidf_picking,0.0
tfidf_pics,0.0
tfidf_pictures,0.0
tfidf_piece shit,0.0
tfidf_pile,0.0
tfidf_pill,0.0
tfidf_cant make,0.0
tfidf_care anything,0.0
tfidf_care dont,0.0
tfidf_path,0.0
tfidf_past years,0.0
tfidf_one last,0.0
tfidf_one one,0.0
tfidf_one people,0.0
tfidf_challenge,0.0
tfidf_chair,0.0
tfidf_one things,0.0
tfidf_one two,0.0
tfidf_one understands,0.0
tfidf_one way,0.0
tfidf_certainly,0.0
tfidf_center,0.0
tfidf_ceiling,0.0
tfidf_cease,0.0
tfidf_opportunities,0.0
tfidf_opportunity,0.0
tfidf_opposite,0.0
tfidf_optimistic,0.0
tfidf_one knows,0.0
tfidf_one help,0.0
tfidf_one good,0.0
tfidf_old friends,0.0
tfidf_chat,0.0
tfidf_oh oh,0.0
tfidf_oh well,0.0
tfidf_characters,0.0
tfidf_channel,0.0
tfidf_okay im,0.0
tfidf_changing,0.0
tfidf_old male,0.0
tfidf_chances,0.0
tfidf_older brother,0.0
tfidf_omg,0.0
tfidf_one cares,0.0
tfidf_one dont,0.0
tfidf_one else,0.0
tfidf_one even,0.0
tfidf_one ever,0.0
tfidf_options,0.0
tfidf_order,0.0
tfidf_original,0.0
tfidf_care people,0.0
tfidf_parents house,0.0
tfidf_parents would,0.0
tfidf_part life,0.0
tfidf_particular,0.0
tfidf_particularly,0.0
tfidf_partners,0.0
tfidf_parts,0.0
tfidf_passed away,0.0
tfidf_career,0.0
tfidf_passes,0.0
tfidf_passionate,0.0
tfidf_passions,0.0
tfidf_past couple,0.0
tfidf_care enough,0.0
tfidf_past two,0.0
tfidf_past week,0.0
tfidf_parents dont,0.0
tfidf_parent,0.0
tfidf_causes,0.0
tfidf_page,0.0
tfidf_cause im,0.0
tfidf_overdose,0.0
tfidf_overweight,0.0
tfidf_overwhelmed,0.0
tfidf_overwhelming,0.0
tfidf_owe,0.0
tfidf_pack,0.0
tfidf_pain feel,0.0
tfidf_paranoid,0.0
tfidf_pain im,0.0
tfidf_pain ive,0.0
tfidf_casual,0.0
tfidf_pains,0.0
tfidf_cash,0.0
tfidf_panic attack,0.0
tfidf_pants,0.0
tfidf_point anymore,0.0
tfidf_point life,0.0
tfidf_point living,0.0
tfidf_reaction,0.0
tfidf_really wanna,0.0
tfidf_board,0.0
tfidf_blow,0.0
tfidf_blood,0.0
tfidf_reason dont,0.0
tfidf_reason havent,0.0
tfidf_reason keep,0.0
tfidf_reason live,0.0
tfidf_reasonable,0.0
tfidf_received,0.0
tfidf_recent,0.0
tfidf_blind,0.0
tfidf_recommendations,0.0
tfidf_blew,0.0
tfidf_recover,0.0
tfidf_bleeding,0.0
tfidf_refused,0.0
tfidf_really sure,0.0
tfidf_really really,0.0
tfidf_really nice,0.0
tfidf_boss,0.0
tfidf_bottom,0.0
tfidf_reads,0.0
tfidf_ready end,0.0
tfidf_ready go,0.0
tfidf_bothered,0.0
tfidf_realised,0.0
tfidf_bot,0.0
tfidf_really cant,0.0
tfidf_boat,0.0
tfidf_really cares,0.0
tfidf_really close,0.0
tfidf_borderline,0.0
tfidf_really dont,0.0
tfidf_really fucking,0.0
tfidf_bones,0.0
tfidf_really hate,0.0
tfidf_regarding,0.0
tfidf_regrets,0.0
tfidf_rejected,0.0
tfidf_biggest,0.0
tfidf_responses,0.0
tfidf_responsibilities,0.0
tfidf_responsibility,0.0
tfidf_rest life,0.0
tfidf_resulted,0.0
tfidf_retarded,0.0
tfidf_returned,0.0
tfidf_bigger,0.0
tfidf_bipolar,0.0
tfidf_right feel,0.0
tfidf_big deal,0.0
tfidf_right ive,0.0
tfidf_right thing,0.0
tfidf_bidenjoe bidenjoe,0.0
tfidf_rip,0.0
tfidf_risk,0.0
tfidf_bills,0.0
tfidf_birth,0.0
tfidf_rejection,0.0
tfidf_reminded,0.0
tfidf_blamed,0.0
tfidf_relatively,0.0
tfidf_blah blah,0.0
tfidf_relieved,0.0
tfidf_blade,0.0
tfidf_rely,0.0
tfidf_bitter,0.0
tfidf_reminder,0.0
tfidf_respect,0.0
tfidf_reminds,0.0
tfidf_remotely,0.0
tfidf_remove,0.0
tfidf_rent,0.0
tfidf_repeating,0.0
tfidf_reply,0.0
tfidf_resources,0.0
tfidf_bought,0.0
tfidf_reached,0.0
tfidf_cant cant,0.0
tfidf_razor,0.0
tfidf_pretty bad,0.0
tfidf_pretty good,0.0
tfidf_pride,0.0
tfidf_prior,0.0
tfidf_privacy,0.0
tfidf_private,0.0
tfidf_burned,0.0
tfidf_probably going,0.0
tfidf_probably never,0.0
tfidf_probably wont,0.0
tfidf_bully,0.0
tfidf_bullet,0.0
tfidf_productive,0.0
tfidf_professional,0.0
tfidf_profile,0.0
tfidf_building,0.0
tfidf_brown,0.0
tfidf_busy,0.0
tfidf_buying,0.0
tfidf_pressure,0.0
tfidf_possibly,0.0
tfidf_points,0.0
tfidf_cant bring,0.0
tfidf_cant anything,0.0
tfidf_poorly,0.0
tfidf_position,0.0
tfidf_possibility,0.0
tfidf_cancer,0.0
tfidf_canada,0.0
tfidf_presence,0.0
tfidf_post im,0.0
tfidf_posted,0.0
tfidf_pounds,0.0
tfidf_california,0.0
tfidf_prepare,0.0
tfidf_prescribed,0.0
tfidf_prescription,0.0
tfidf_proper,0.0
tfidf_properly,0.0
tfidf_prospects,0.0
tfidf_rage,0.0
tfidf_breakup,0.0
tfidf_questioning,0.0
tfidf_breaks,0.0
tfidf_breaking point,0.0
tfidf_quit job,0.0
tfidf_bread,0.0
tfidf_racing,0.0
tfidf_rambling,0.0
tfidf_quantum,0.0
tfidf_brains,0.0
tfidf_boyfriends,0.0
tfidf_rare,0.0
tfidf_rarely,0.0
tfidf_rate,0.0
tfidf_rather die,0.0
tfidf_rational,0.0
tfidf_quarter,0.0
tfidf_quality,0.0
tfidf_prove,0.0
tfidf_bright,0.0
tfidf_psych,0.0
tfidf_brings,0.0
tfidf_psychiatrist,0.0
tfidf_psychiatrists,0.0
tfidf_psychotic,0.0
tfidf_ptsd,0.0
tfidf_bringing,0.0
tfidf_pulled,0.0
tfidf_puts,0.0
tfidf_pulling,0.0
tfidf_brice maddock,0.0
tfidf_pure,0.0
tfidf_pursue,0.0
tfidf_brice,0.0
tfidf_pushed,0.0
tfidf_pussy,0.0
tfidf_officially,0.0
tfidf_od,0.0
tfidf_letters,0.0
tfidf_lunch,0.0
tfidf_coworkers,0.0
tfidf_lot friends,0.0
tfidf_coward,0.0
tfidf_lot things,0.0
tfidf_love dont,0.0
tfidf_love family,0.0
tfidf_love feel,0.0
tfidf_love im,0.0
tfidf_love much,0.0
tfidf_love someone,0.0
tfidf_love want,0.0
tfidf_loved ones,0.0
tfidf_lovely,0.0
tfidf_courses,0.0
tfidf_lowest,0.0
tfidf_lt gt,0.0
tfidf_couple weeks,0.0
tfidf_lost friends,0.0
tfidf_lost everything,0.0
tfidf_crappy,0.0
tfidf_look forward,0.0
tfidf_crossed,0.0
tfidf_loneliness,0.0
tfidf_cross,0.0
tfidf_criminal,0.0
tfidf_long enough,0.0
tfidf_long term,0.0
tfidf_creep,0.0
tfidf_look mirror,0.0
tfidf_loose,0.0
tfidf_creating,0.0
tfidf_looked like,0.0
tfidf_created,0.0
tfidf_looking back,0.0
tfidf_create,0.0
tfidf_looks like,0.0
tfidf_loop,0.0
tfidf_couple times,0.0
tfidf_machine,0.0
tfidf_ocd,0.0
tfidf_countless,0.0
tfidf_makes want,0.0
tfidf_could say,0.0
tfidf_man penetrates,0.0
tfidf_could kill,0.0
tfidf_managed,0.0
tfidf_managed get,0.0
tfidf_manager,0.0
tfidf_manic,0.0
tfidf_manipulative,0.0
tfidf_could help,0.0
tfidf_many friends,0.0
tfidf_many people,0.0
tfidf_many years,0.0
tfidf_marks,0.0
tfidf_marriage,0.0
tfidf_married,0.0
tfidf_marry,0.0
tfidf_makes happy,0.0
tfidf_makes feel,0.0
tfidf_makes depression,0.0
tfidf_main,0.0
tfidf_maddock,0.0
tfidf_maddock fuck,0.0
tfidf_count,0.0
tfidf_counselor,0.0
tfidf_made fun,0.0
tfidf_couldnt get,0.0
tfidf_made post,0.0
tfidf_mainly,0.0
tfidf_make things,0.0
tfidf_couldnt even,0.0
tfidf_could tell,0.0
tfidf_make fun,0.0
tfidf_make money,0.0
tfidf_could take,0.0
tfidf_make sense,0.0
tfidf_could stop,0.0
tfidf_logical,0.0
tfidf_logic,0.0
tfidf_locked,0.0
tfidf_location,0.0
tfidf_life never,0.0
tfidf_life nothing,0.0
tfidf_life people,0.0
tfidf_life really,0.0
tfidf_life still,0.0
tfidf_life sucks,0.0
tfidf_life think,0.0
tfidf_life want,0.0
tfidf_life worth,0.0
tfidf_day dont,0.0
tfidf_lifei,0.0
tfidf_lifes,0.0
tfidf_like anymore,0.0
tfidf_like cant,0.0
tfidf_like could,0.0
tfidf_like even,0.0
tfidf_like everything,0.0
tfidf_day feel,0.0
tfidf_life like,0.0
tfidf_day good,0.0
tfidf_life cant,0.0
tfidf_days im,0.0
tfidf_lgbt,0.0
tfidf_lgbtq,0.0
tfidf_liar,0.0
tfidf_license,0.0
tfidf_day life,0.0
tfidf_life anymore,0.0
tfidf_life could,0.0
tfidf_life hate,0.0
tfidf_life doesnt,0.0
tfidf_life every,0.0
tfidf_life everything,0.0
tfidf_life feels,0.0
tfidf_life fucking,0.0
tfidf_life get,0.0
tfidf_life going,0.0
tfidf_like failure,0.0
tfidf_like feel,0.0
tfidf_daughter,0.0
tfidf_live life,0.0
tfidf_lines,0.0
tfidf_list,0.0
tfidf_cuts,0.0
tfidf_little brother,0.0
tfidf_little things,0.0
tfidf_cup,0.0
tfidf_cum,0.0
tfidf_live like,0.0
tfidf_limited,0.0
tfidf_live long,0.0
tfidf_crushing,0.0
tfidf_crushed,0.0
tfidf_living like,0.0
tfidf_cruel,0.0
tfidf_loan,0.0
tfidf_local,0.0
tfidf_daily basis,0.0
tfidf_limit,0.0
tfidf_like fucking,0.0
tfidf_dangerous,0.0
tfidf_like go,0.0
tfidf_like going,0.0
tfidf_like ill,0.0
tfidf_dated,0.0
tfidf_like like,0.0
tfidf_like nothing,0.0
tfidf_darkness,0.0
tfidf_like solid,0.0
tfidf_damage,0.0
tfidf_like someone,0.0
tfidf_like something,0.0
tfidf_like want,0.0
tfidf_like world,0.0
tfidf_like would,0.0
tfidf_like years,0.0
tfidf_danger,0.0
tfidf_could give,0.0
tfidf_could feel,0.0
tfidf_massive,0.0
tfidf_clue,0.0
tfidf_never anything,0.0
tfidf_never asked,0.0
tfidf_never ever,0.0
tfidf_never feel,0.0
tfidf_cleaning,0.0
tfidf_never girlfriend,0.0
tfidf_never go,0.0
tfidf_never going,0.0
tfidf_never got,0.0
tfidf_never know,0.0
tfidf_claim,0.0
tfidf_city,0.0
tfidf_never thought,0.0
tfidf_never told,0.0
tfidf_never wake,0.0
tfidf_never want,0.0
tfidf_circumstances,0.0
tfidf_never able,0.0
tfidf_nerve,0.0
tfidf_neither,0.0
tfidf_closet,0.0
tfidf_muster,0.0
tfidf_mutual,0.0
tfidf_myselfi,0.0
tfidf_names,0.0
tfidf_narcissistic,0.0
tfidf_naturally,0.0
tfidf_nearby,0.0
tfidf_necessarily,0.0
tfidf_negative,0.0
tfidf_closest friends,0.0
tfidf_close friends,0.0
tfidf_close friend,0.0
tfidf_climb,0.0
tfidf_need something,0.0
tfidf_needed get,0.0
tfidf_click click,0.0
tfidf_new life,0.0
tfidf_new year,0.0
tfidf_new years,0.0
tfidf_checked,0.0
tfidf_nothing live,0.0
tfidf_nothing look,0.0
tfidf_nothing makes,0.0
tfidf_nothing matters,0.0
tfidf_nothing works,0.0
tfidf_nothingness,0.0
tfidf_nothings,0.0
tfidf_nudes,0.0
tfidf_nothing left,0.0
tfidf_numb,0.0
tfidf_number,0.0
tfidf_numbers,0.0
tfidf_obsessed,0.0
tfidf_obvious,0.0
tfidf_cheated,0.0
tfidf_occasionally,0.0
tfidf_nothing life,0.0
tfidf_nothing im,0.0
tfidf_circle,0.0
tfidf_non,0.0
tfidf_cigarettes,0.0
tfidf_church,0.0
tfidf_ngl,0.0
tfidf_night im,0.0
tfidf_nightmares,0.0
tfidf_nobody would,0.0
tfidf_noise,0.0
tfidf_noone,0.0
tfidf_nothing happened,0.0
tfidf_nope,0.0
tfidf_chicken,0.0
tfidf_normal life,0.0
tfidf_cheese,0.0
tfidf_cheer,0.0
tfidf_nothing dont,0.0
tfidf_nothing ever,0.0
tfidf_multiple times,0.0
tfidf_much worse,0.0
tfidf_could ever,0.0
tfidf_much want,0.0
tfidf_continue living,0.0
tfidf_continue,0.0
tfidf_mental illness,0.0
tfidf_mental illnesses,0.0
tfidf_mental state,0.0
tfidf_mentally ill,0.0
tfidf_contemplated,0.0
tfidf_messaged,0.0
tfidf_consider,0.0
tfidf_consequences,0.0
tfidf_messy,0.0
tfidf_consciousness,0.0
tfidf_met girl,0.0
tfidf_conscious,0.0
tfidf_methods,0.0
tfidf_mg,0.0
tfidf_connection,0.0
tfidf_continues,0.0
tfidf_continuing,0.0
tfidf_members,0.0
tfidf_meaningful,0.0
tfidf_matter hard,0.0
tfidf_matter im,0.0
tfidf_matters,0.0
tfidf_could die,0.0
tfidf_maybe even,0.0
tfidf_maybe ill,0.0
tfidf_coronavirus,0.0
tfidf_coping,0.0
tfidf_contribute,0.0
tfidf_cope,0.0
tfidf_meanwhile,0.0
tfidf_cop,0.0
tfidf_medications,0.0
tfidf_medicine,0.0
tfidf_control,0.0
tfidf_meim,0.0
tfidf_middle school,0.0
tfidf_connected,0.0
tfidf_connect,0.0
tfidf_move back,0.0
tfidf_comes back,0.0
tfidf_come home,0.0
tfidf_mothers,0.0
tfidf_motivated,0.0
tfidf_combination,0.0
tfidf_mouth,0.0
tfidf_color,0.0
tfidf_moved away,0.0
tfidf_months ive,0.0
tfidf_movie,0.0
tfidf_much coward,0.0
tfidf_much easier,0.0
tfidf_much feel,0.0
tfidf_much hate,0.0
tfidf_code,0.0
tfidf_cock,0.0
tfidf_months later,0.0
tfidf_comfort,0.0
tfidf_might get,0.0
tfidf_complex,0.0
tfidf_might well,0.0
tfidf_military,0.0
tfidf_mind im,0.0
tfidf_condition,0.0
tfidf_minimum wage,0.0
tfidf_complicated,0.0
tfidf_miracle,0.0
tfidf_missing,0.0
tfidf_month ago,0.0
tfidf_mistake im,0.0
tfidf_community college,0.0
tfidf_communicate,0.0
tfidf_committing suicide,0.0
tfidf_committing,0.0
tfidf_mom would,0.0
tfidf_committed suicide,0.0
tfidf_know theyre,0.0
